0.0009688500044038636,"['very', 'would']"
0.0004844250022019318,"['pls', 'room', 'Your', 'Hello', 'x', 'smile', 'havent', 'house']"
0.0021138545550629753,['need']
0.0018496227356801034,['by']
0.0020698159184991635,['good']
0.0013358386424356303,['Hey']
0.005167200023487273,['have']
0.0038460409265729132,['up']
0.003699245471360207,['with']
0.0029799477408179445,['call']
0.000998209095446405,['after']
0.00010275681864889464,"['offer', 'street', 'longer', 'completely', 'bold', 'TODAY', 'WORK', 'persons', 'interested', 'request', '530', 'Gods', 'thru', 'sight', 'Boy', 'door', 'LUV', 'CALL', 'wine', 'insurance', 'tickets', 'invited', 'arent', 'clean', 'truth', 'showing', 'Always', 'din', 'vl', 'YOUR', 'dream', 'cell', 'thnk', 'bucks', 'planned', 'energy', 'rain', 'BUT', 'usual', 'net', 'ar', 'opinion', 'st', 'kb', 'pray', 'yoga', 'choose', 'hop', 'hot', 'kinda', 'complete', 'trouble', 'sucks', 'Kate', 'Wait', 'south', 'la', 'B', 'monday', 'liked', 'weight', 'paying', 'computer', 'muz', 'somebody', 'appreciate', 'normal', 'happening', 'giving', 'sit', 'players', 'E', 'malaria', 'stand', 'dead', 'deal', 'Wats', 'round', 'ltTIMEgt', 'bother', 'mon', 'line', 'Last', 'Theres', 'ure', 'shd', 'past', 'eyes', 'hw', 'ha', 'ho', 'Every', 'txt', 'Hmmm', 'heavy', 'Congrats', 'list', 'doin', 'Id', 'using', 'rather', 'forward', 'present', 'WHAT', 'sofa', 'Need', 'dog', 'World', 'excuse', 'murderer', 'sense', 'warm', 'Bcoz', 'trust', 'sitting', 'during', 'Wow', 'eating', 'news', 'MUCH', 'worse', 'correct', 'AM', 'ice', 'torch', 'battery', 'tonite', 'experience', 'share', 'happens', 'gift', 'order', 'self', 'lucky', 'walking', 'DA', 'urself', 'tough', 'ahead', 'towards', 'awake', 'imma', 'wednesday', 'WILL', 'doctor', 'quick']"
0.00016147500073397729,"['ago', 'th', 'THIS', 'NICE', 'wonder', 'Smile', 'case', 'nt', 'either', 'Huh', 'gets', 'Alright', 'wen', 'whenever', 'Were', 'paper', 'friday', 'Hee', 'XXX', 'tired', 'll', 'eve', 'join', 'Wen', 'sexy', 'HAVE', 'lol', 'mayb', 'per', 'frm', 'mom', 'gr8', 'Abiola', 'Speak', 'pm', 'Havent', 'plans', 'contact', 'sms', 'checking', 'seen', 'chance', 'crave', 'TIME', 'laptop', 'god', 'shower', 'O', 'Dude', 'noon', 'party', 'lost', 'Our', 'finally', 'dnt', 'chikku', 'yes', 'SO', 'move', 'simple', 'mate', 'friendship']"
0.00177622500807375,['da']
0.0005137840932444731,"['mind', 'liao', 'eat', 'dinner', 'help', 'person', 'talk', 'Dear', 'better']"
0.0005725022753295558,"['which', 'bit', 'done', 'car']"
0.0011450045506591117,"['Have', 'Are', 'phone']"
0.003082704559466839,['we']
0.0019817386453715394,['what']
0.002422125011009659,['then']
0.00333225683332844,['when']
0.0013211590969143595,['take']
0.0008514136402336984,"['miss', 'around', 'thing', 'feel', 'where']"
0.0032588591057220867,['if']
0.0015853909162972313,"['some', 'here', 'cant']"
0.0022753295557969527,['home']
0.002789113649041426,"['You', 'ur', 'or']"
0.0016147500073397728,['her']
0.0003816681835530372,"['says', 'end', 'school', 'little', 'girl', 'wanted', 'goes', 'hear', 'dis', 'able', 'birthday', 'wif', 'days', '7', 'v', 'sweet']"
0.00017615454625524794,"['xxx', 'Okay', 'hungry', 'beautiful', 'Maybe', 'One', 'loving', 'mine', 'mins', 'picking', 'dude', 'Life', 'Wish', 'swing', 'gas', 'Which', 'talking', 'hard', 'cut', 'cash', 'alright', 'neva', 'minute', 'Be', 'through', 'semester', 'Cool', 'difficult', 'gym', 'point', 'gd', 'game', 'frnds', 'supposed', 'wasnt', 'found', 'askd', 'GOOD', 'blue', 'calls', 'speak', 'takes', 'Jus', 'word', 'win', 'Watching', 'HI', 'couple', 'OF', 'ON', 'listen', 'break', 'Ugh', 'grins', 'available', 'nyt', 'yo', 'father', 'fr', 'ard', 'wot', 'almost', '1st', 'mah']"
0.0023487272834033057,['lor']
0.00039634772907430783,"['hes', 'forgot', 'bus', 'Now', 's', 'bad', 'enough', 'As', 'yeah', 'cool', 'start', 'without', 'trying', 'made', '9']"
0.0016587886439035848,"['how', 'Its']"
0.0043011068377323035,['can']
0.00023487272834033058,"['book', 'whatever', 'anyone', 'dreams', 'second', 'started', 'forget', 'prob', 'years', 'both', 'fuck', 'Come', 'everyone', 'Send', 'wonderful', 'cause', 'gud', 'boytoy', 'smth', 'address', 'Okie', 'enjoy', 'maybe', 'hours', 'happened', 'true']"
0.0019230204632864566,"['still', 'he']"
0.00041102727459557854,"['month', 'Wat', '6', 'everything', 'princess', 'ever', 't', 'working', 'face', 'left', 'check', 'ive']"
0.0014532750066057955,['And']
0.003948797745221808,['do']
0.00036698863803176653,"['luv', 'remember', 'guess', 'half', 'ah', 'look', 'though', 'abt', 'pa', 'probably', 'came', 'â', 'til']"
0.00022019318281905992,"['Also', 'oredi', 'Going', 'nite', 'Still', 'type', 'whats', 'old', 'aft', 'search', 'drop', 'hold', 'sad', 'sea', 'hand', 'pretty', 'treat', '8', 'God', 'light', 'wid', 'gone', 'Nope', 'Even', 'shes', 'outside', 'wit', 'On', 'decided', 'There', 'these', 'tho', 'open', 'Nothing']"
0.004257068201168492,['get']
0.0001467954552127066,"['march', 'youll', 'Plus', 'Miss', 'Year', 'orchard', 'Â', 'holiday', 'less', 'lovely', 'na', 'leaves', 'voice', 'write', 'drugs', 'cost', 'small', 'Thk', 'weed', 'BABE', 'Anyway', 'confirm', 'figure', 'Actually', 'Mm', 'slow', 'empty', 'Friends', 'Never', 'slowly', 'HEY', 'hit', 'loved', 'WAS', 'gotta', 'Lets', 'By', 'Oops', 'Go', 'Morning', 'bathe', 'bank', 'Cant', 'usf', 'IF', 'Nah', 'rock', 'download', 'awesome', 'bath', 'exam', 'Wife', 'Fuck', 'reason', '10', 'sound', 'feels', 'THAT', 'wana', 'OK', 'NOT', 'gave', 'Shall', 'across', 'Think', 'coz', 'own', 'somewhere', 'hell', 'different', 'ex', 'reached', 'Sounds', 'deep', 'park', 'sell', 'spend', '2nd', 'safe']"
0.004345145474296116,['will']
0.0010128886409676756,['Good']
0.0030093068318604857,['out']
2.9359091042541322e-05,"['knackered', 'Jsut', 'taylor', 'lounge', 'ni8swt', 'gifted', 'KeralaCircle', 'gang', 'utter', 'dark', 'chocolate', 'natural', 'prepared', 'propose', 'stone', 'cookies', 'THANX', 'rate', 'exciting', 'praying', 'monthly', 'bluff', 'tomeandsaidTHIS', 'stones', 'costs', 'Cancer', 'thread', 'disclose', 'TOMORROW', 'Up', 'BEAUTIFUL', 'click', 'salon', 'twelve', 'sweets', 'ladies', 'property', 'range', 'KUDIyarasu', 'SPK', 'miles', 'impatient', 'taken', 'album', 'xxxx', 'login', 'twenty', 'living', 'repair', 'Alaipayuthe', 'Doc', 'HOUSE', 'tortilla', 'swiss', 'weirdest', 'Fails', 'avoid', 'moves', 'L', 'stayin', 'video', 'coast', 'event', '900', 'Shuhui', 'Mumtazs', 'nearly', 'tahan', 'manage', 'minor', 'karaoke', 'value', 'Delhi', 'vijay', 'kidding', 'evn', 'forevr', 'courage', 'howard', 'FEEL', 'knees', 'TAKE', 'rumour', 'LET', 'nahi', 'limiting', 'CONVINCED', 'vomiting', 'dime', 'careswt', 'Spoke', 'SLEEPSWEET', 'definite', 'Men', 'jess', 'rocks', 'everywhere', 'verified', 'goodnight', 'prabha', 'Umma', 'HIYA', 'Touch', 'hee', 'tming', 'hex', 'lock', 'bÂ', 'contacts', 'dough', 'effects', 'moving', 'bite', '5pm', 'misbehaved', 'ba', 'MINE', 'yelling', 'coin', 'improve', 'Old', 'Total', 'NEVER', 'Gin', 'named', 'concert', 'drpd', 'Jerry', 'thatâ', 'dearslp', 'suppose', 'scrounge', 'Reverse', 'division', 'mel', 'nights', 'fringe', 'Mmmmmm', 'Yunny', 'nokia', 'heads', 'messy', 'roads', 'Dis', 'sake', 'aproach', 'base', 'wo', 'darlings', 'cricketer', 'rhythm', 'Kthen', 'reg', 'red', 'nd', 'nb', 'ese', 'cappuccino', 'closed', 'closes', 'clever', 'Co', 'brought', 'finance', 'tight', 'steam', 'fab', 'DIDNT', 'YEAH', 'YEAR', 'cooked', 'wind', 'Q', 'recovery', 'books', 'ear', 'Hugs', 'confused', 'shu', 'Noi', 'mates', 'Everything', 'Thts', 'greatbhaji', 'os', 'HOLIDAY', 'piece', 'konw', 'fucks', 'screamed', 'avoiding', 'KAVALAN', 'noun', 'SentDate', 'review', 'several', 'Hopefully', '930', 'FINISH', 'cancelled', 'whn', 'tacos', 'woot', 'exmpel', 'silently', 'carry', 'waht', 'MO', 'lotta', 'solved', 'various', 'weâ', 'Oooh', 'ultimatum', 'doinghow', 'Theyre', 'thot', 'attempt', 'Trust', 'People', 'Tis', 'Left', 'wee', 'mouth', 'Fingers', 'tap', 'Dnt', 'watever', 'Scared', 'size', 'Mine', 'Shjas', 'welp', 'ruining', 'previous', 'SenderName', 'owns', 'SWEET', 'regular', 'scold', 'shoving', 'press', 'Raj', 'massive', 'results', 'melt', 'pool', 'trains', 'Rofl', 'immediately', 'NEVA', 'mesages', 'damn', 'confuses', 'VALUED', 'Map', 'bruce', 'lays', 'Thy', 'compromised', 'BE', 'sleepin', 'quiet', 'scary', 'ham', 'rents', 'saidif', 'control', 'Double', 'rice', 'wrnog', 'allowed', 'terrorist', 'success', 'cld', 'bruv', 'yck', 'flip', 'panic', 'GOODNIGHT', 'queen', 'practice', 'Kerala', 'birthdate', 'loose', 'phones', 'MADE', 'phoned', 'propsd', 'Blank', 'rights', 'thesis', 'refilled', 'caroline', 'four', 'thts', 'goodenvironment', 'dick', 'horrible', 'painful', 'kegger', 'Kallis', 'Al', 'broad', 'shelf', 'mails', 'kicks', 'MRNG', 'faggy', 'bright', 'Feb', 'hols', 'CNN', 'FAR', 'answered', 'hmmm', 'Super', 'hppnss', 'lovers', 'Executive', 'pongaldo', 'HUNNY', 'exhaust', 'curious', 'dedicated', 'studentsthis', 'heading', 'PIN', 'forum', 'ron', 'FRIENDSHIP', 'BUS', 'Imagine', 'department', 'LATE', 'depressed', 'PUB', 'clearing', 'welcomes', 'SHIT', 'blank', 'WALES', 'Rain', 'speeding', 'ned', 'testing', 'flight', 'windows', 'jacket', 'COMIN', 'ideal', 'borrow', 'june', '830', 'Walk', 'JUS', 'opening', 'urgent', 'wkend', '4some1', 'fujitsu', 'Arun', 'gving', 'j', 'chip', 'Mmmmm', 'Again', 'dayshe', 'reboot', 'Disconnect', 'formclark', 'imp', 'craziest', 'useful', 'decisions', 'JESS', 'politicians', 'MORE', 'player', 'Weve', 'mess', 'bills', 'in2', 'forgotten', 'fan', 'difference', 'coat', 'waited', 'upset', 'dancing', 'shot', 'Done', 'Express', 'fighting', 'recession', 'upto', 'Fear', 'keeps', 'building', 'jo', 'Deeraj', 'missin', 'rightly', 'THERE', 'illness', 'tooo', 'christ', 'toot', 'Cuz', 'skyped', 'field', 'partnership', '8am', 'final', 'buses', 'caught', 'ericsson', 'treated', 'Ge', 'poem', 'Scotch', 'evrydy', 'purse', 'sathya', '7ish', 'despite', 'cheese', 'wkg', 'sweetie', 'tirunelvali', 'Google', 'inconsiderate', 'lovingly', 'challenge', 'Whatsup', 'Someone', 'Hallaq', 'farm', 'sarcastic', 'replace', 'camera', 'Jesus', 'Kkwhy', 'Tension', 'ki', 'necessary', 'kg', 'ke', 'kz', 'wiskey', 'Getting', 'Btw', 'licks', 'hor', 'Fyi', 'Queen', 'hon', 'confirmd', 'completed', 'broken', 'gotten', 'truck', 'daily', 'yummy', 'prescription', 'heartgn', 'ALWAYS', 'necessarily', 'store', 'setting', 'cramps', 'actor', 'Vijay', 'yun', 'tc', 'ta', 'forgiven', 'NOTHING', 'recognise', 'isnâ', 'agree', 'doggy', 'itLEAVE', 'makin', 'drinkin', 'GMGNGEGNT', 'transfr', 'Ques', 'trade', 'fo', 'taste', 'replacement', 'covers', 'direct', 'upstairs', 'stretch', 'Isnt', 'skip', 'Coffee', 'dahow', '2mrw', 'SLAP', 'GOODFRIEND', 'jaya', 'Wating', 'juan', 'mcat', 'POWER', 'window', 'welltake', 'woman', 'anthony', 'Buy', 'ruin', 'prepaid', 'lo', 'lv', 'arm', 'Sorryin', 'AN', 'smeone', 'PasswordsATMSMS', 'Bit', 'shocking', 'mp3', 'greetings', 'mark', 'Beer', 'career', 'parco', 'sen', 'sem', 'nag', 'Stupid', 'ethreats', 'rang', '2waxsto', 'module', 'paperwork', 'simpler', 'KING', 'january', 'acting', 'electricity', 'decimal', 'teeth', 'painting', 'aburo', 'dey', 'suite', 'specific', 'St', 'finewhen', 'Guide', 'female', 'shoppin', 'mb', 'beneficiary', 'jeans', 'stick', 'JD', 'kills', 'combine', 'Desires', 'wwwfullonsmscom', 'mokka', 'academic', 'Service', 'Weâ', 'pound', 'TEXT', 'arts', 'infront', 'Mobile', 'pours', 'dokey', 'status', 'foot', 'Kaiez', 'drunk', 'abj', 'icicibankcom', 'WAY', 'Feel', 'slip', 'count', 'Hrishi', 'practical', 'complaint', 'frauds', 'competition', 'interest', 'Yeshere', 'sensitive', 'KR', 'sacrifice', 'Meet', 'redred', 'realize', 'chase', 'bear', 'callcoz', 'Tease', 'remembered', 'figures', 'RING', 'ground', 'FUCKIN', 'poker', 'madam', 'naked', 'engin', 'avent', 'rael', 'nitros', 'desparate', 'Vodka', 'goto', 'swatch', 'ovulation', 'Japanese', 'These', 'hurried', 'vth', 'flowing', 'burning', 'Reach', 'blessed', 'Lucky', 'responding', 'lov', 'low', 'Sac', 'sleepy', 'Hurts', 'educational', 'neck', 'priscillas', 'normally', 'service', 'drunken', 'acted', 'anot', 'effect', 'admin', 'shipped', 'jokes', 'anniversary', 'RITE', 'strange', 'toughest', 'Laughing', 'relatives', 'installing', 'Tick', 'response', 'hamster', 'tlk', 'SIMPLE', 'picture', 'calculation', 'shared', 'cousin', 'ic', 'dates', 'ie', 'IAS', 'hardly', 'nature', 'color', 'Things', 'TRUE', 'NEFT', 'Wk', '2gthr', 'nydc', 'teacher', 'vale', 'sooooo', 'TXT', 'flame', 'dealing', 'donÂ', 'odi', 'west', 'crap', 'lttrs', 'unknown', 'explain', 'Most', 'crab', 'LOVEME', 'underwear', 'woken', 'royal', 'choice', 'telly', 'push', 'cochin', 'Ã¼ll', 'Whom', 'signing', 'penis', 'concentrate', 'Gn', 'vday', 'earn', 'shitload', 'Booked', 'itlet', 'gastroenteritis', 'Dat', 'brand', 'pull', 'bar', 'Part', 'lotwill', 'secretary', 'itwhichturnedinto', 'UNI', 'administrator', 'enjoyed', 'turning', 'sub', 'MORNING', 'Proverb', '2U', 'mental', 'Pick', 'unnecessarily', 'Number', 'HIS', 'infections', 'babies', 'Becomes', 'monkeys', 'vewy', 'SURE', 'easily', 'receiving', 'AFTER', 'Try', 'po', 'Especially', 'crore', 'thursday', 'Gudnitetcpractice', 'payment', 'paragon', 'print', 'app', 'nagar', 'freedom', 'Doctor', '3u', 'flaky', 'MojiBiola', '3g', 'blessing', 'professors', '430', 'Tomarrow', 'necklace', 'oreo', 'develop', 'wishin', 'terrific', 'anna', 'idiot', 'hurting', 'FUCKING', 'Wa', 'cme', 'Sweetheart', 'Networking', 'itU', 'table', 'inch', 'FUCK', 'swt', 'shoes', 'Moral', 'Watch', 'sitll', 'durban', 'usc', 'usb', 'meets', 'feelin', 'messaged', 'toshiba', 'blur', 'Sleeping', 'superior', 'joining', 'plm', 'ship', 'SUNDAY', 'chillin', 'adoring', 'herlove', 'calld', 'nit', 'clothes', 'mistakes', 'buffet', 'landline', 'tomorro', 'history', 'bloodblood', 'speed', 'wud', 'curry', 'luvs', 'SAM', 'managed', 'island', 'SAY', '4a', '4d', 'EVENING', 'jason', 'ID', 'tech', 'NAME', 'Oi', 'pap', 'TONIGHT', 'aunt', 'fineabsolutly', 'Payee', 'modules', 'weigh', 'xavier', 'MUM', 'Asking', 'breathe', 'occupy', 'hint', 'Tomorrow', 'deus', 'eveB', 'otside', 'apply', 'andros', 'IKEA', '2marrow', 'Haf', 'mis', 'booking', 'Evr', 'restaurant', 'front', 'everybodys', 'continue', 'heartheart', '1s', 'Vry', 'beloved', 'jolt', 'Nicenicehow', 'ahsen', 'ipad', 'aunts', 'aunty', 'seem', 'shining', 'countin', 'slots', 'chest', 'COOL', 'truly', 'excuses', 'smart', 'taxi', 'conducts', 'huge', 'heater', 'gist', '2go', 'conform', 'replying', 'denis', 'Bill', 'toa', 'tom', 'jobs', 'tok', 'rub', 'pickle', 'cheating', 'Jia', 'Putting', 'lane', 'lag', 'mornin', 'attached', 'defeat', 'goodnite', 'Natural', 'talks', 'Usually', 'transfer', 'staring', 'yep', 'laundry', 'transport', 'ben', 'position', 'Evrey', 'Making', 'March', 'truffles', 'Pa', 'disturbing', 'instantly', 'dedicate', 'deepak', 'splleing', 'SAID', 'sunlight', 'gv', 'schedule', 'ViVa', 'Prof', 'potential', 'HER', 'played', 'Irritates', 'wtf', 'frndship', 'uni', 'donno', 'responsibility', 'prey', 'DREAMS', 'slice', 'officially', 'sarasota', 'grace', 'Cheer', 'killing', 'desert', 'access', 'creep', 'connect', 'peace', 'falling', 'PICK', 'connections', 'dressed', 'apps', 'pale', 'Ho', 'Hm', 'lip', 'gf', 'causing', 'begin', 'BEGIN', 'eggs', 'raed', 'amused', 'worlds', 'receipt', 'chinese', 'Gimme', 'callin', 'flies', 'cutting', 'WK', 'half8th', 'northampton', 'snogs', 'stays', 'motorola', 'placement', 'silver', 'Wil', 'practicing', 'force', 'LONG', 'waheed', 'Accounts', '1u', 'Didnt', 'aeroplane', 'dance', 'Kay', 'alive', 'AVE', 'cherish', '9pm', 'FRNDS', 'cock', 'Youd', 'Edison', 'adventure', 'Second', 'Kkwhen', 'jogging', 'Maangalyam', 'Sleep', 'brah', 'dreamsMuah', 'kappa', 'swoop', 'INR', 'cam', 'Rum', 'THINK', 'delete', 'herI', 'doc', 'lib', 'killed', 'dhina', 'location', 'Shampain', 'lived', 'fire', 'amongst', 'mca', 'XX', 'bagi', 'Goodo', 'ENJOYIN', 'sells', 'pushes', 'Aww', 'jiayin', 'lyfu', 'accept', 'URE', 'nvm', 'More', 'cheat', 'application', 'sachin', 'forums', 'reduce', 'bread', 'dippeditinaDEW', 'Brandy', 'dt', 'resume', 'soup', 'classes', 'tank', 'THEN', 'DRINK', 'given', 'darling', 'Cardiff', 'cuddling', 'Before', 'Mumtaz', 'plaza', 'laughing', 'YOR', 'spile', 'delay', 'Bright', 'football', 'Itz', 'distract', 'Xuhui', 'kid', 'ym', 'Itâ', 'worst', 'mall', 'musthu', 'Use', 'Nan', 'Under', 'Sinco', 'American', 'vaazhthukkal', 'Winning', 'applebees', 'protect', 'billion', 'BED', 'jealous', 'jan', 'HOWS', 'stranger', 'boo', 'strike', 'everybody', 'Yetunde', 'pc', 'Log', 'elaine', 'ebay', 'deciding', 'Messagesome', 'Mmm', 'unemployed', 'affair', 'printed', 'dawhats', 'Alex', 'singing', 'rewarding', 'Joanna', 'following', '1hr', 'celebration', 'member', 'NITE', 'Single', 'clearly', 'constant', 'crash', 'favorite', 'epsilon', 'wihtuot', 'hoped', 'pattern', 'gpu', 'UP4', 'italian', 'Helloooo', 'cancel', 'Frnd', 'xam', 'Argh', 'suits', 'difficulties', 'canal', 'pan', 'commercial', 'Thgt', 'Confidence', 'asap', 'serving', 'mitsake', 'Captain', 'desperate', 'galileo', 'hun', 'devouring', 'child', 'dorm', 'Eyes', 'MOST', 'didnâ', 'L8R', 'failed', 'happily', 'greatest', 'ttyl', 'reasonable', 'cared', 'package', 'mathematics', 'Donâ', 'cake', 'trips', 'fair', 'mids', 'girld', 'Living', 'loxahatchee', 'Somebody', 'Mayb', 'SleepwellampTake', 'creepy', 'violence', 'slightly', 'deari', 'sigh', 'Datz', 'wifi', 'COLLEGE', 'gods', 'nos', 'racing', 'ful', 'wedding', 'Alwys', 'likely', 'dollar', 'None', 'URSELF', 'demand', 'literally', 'diamonds', 'oil', 'Lemme', 'snowman', 'Company', 'weve', 'Facebook', 'papers', 'IBN', 'center', '25', 'hurry', 'lover', 'scotland', 'lately', 'Eek', 'nuther', 'Yourself', 'probs', 'inform', 'batch', 'threw', 'havenÂ', 'sorrow', 'build', 'CaRE', 'gudk', 'coping', 'lyf', 'main', 'beneath', 'worldvery', 'hence', 'ASAP', 'spare', 'silence', 'romantic', 'TRY', 'Aeronautics', 'intelligent', 'Tee', 'datoday', 'mag', 'Geeeee', 'sorted', 'woulda', 'ability', 'YA', 'river', 'spoiled', 'POSTCARD', 'SHESIL', 'actual', 'bleh', 'whom', 'warning', 'ALEX', 'grave', 'appreciated', 'Boost', 'lower', 'tomoCant', 'violated', 'msn', 'Sitting', 'info', 'eighth', 'furniture', 'SIB', 'requests', 'begging', 'LIFE', 'fret', 'msgsD', 'Eat', 'stayed', 'def', 'catching', 'doubt', 'argument', 'maturity', 'belive', 'ILL', 'funeral', 'pending', 'guessing', 'castor', 'pounds', 'Means', 'simply', 'Beware', 'ayn', 'mac', 'custom', 'pouch', 'MMM', 'babes', 'language', 'Mandan', 'nowi', 'filled', 'math', 'jays', 'university']"
0.010906902322304101,['i']
0.0029652681952966734,['got']
0.006473679574880362,['that']
0.0038313613810516426,['U']
0.0022312909192331405,['want']
0.0006752590939784504,"['babe', 'Well', 'yet', 'dun']"
0.0020551363729778924,['from']
0.007134259123337541,['for']
0.00032295000146795457,"['baby', 'Me', 'afternoon', 'pain', 'doesnt', 'sch', 'tv', 'hav', 'food', 'LOVE', 'online', 'most', 'makes', 'IM', 'de', 'wanna', 'watching', 'real']"
0.0012477613693080063,"['give', 'she', 'A', 'ask']"
0.009130677314230352,['my']
1.4679545521270661e-05,"['TH', 'NBME', 'HARD', 'hungover', 'repent', 'DISCOUNT', 'bsnl', 'driver', 'TX', 'mines', 'Cab', 'meatballs', 'sept', 'AUGUST', 'STUDENT', 'thruRespect', 'lovin', 'Lul', 'lambu', 'moneeppolum', 'Made', 'Okors', 'workout', 'SNORINGTHEY', 'forth', 'pases', 'sections', 'haircut', 'TA', 'toss', 'readiness', 'Thatll', 'mufti', 'Dileepthank', 'Pharmacy', 'reffering', 'faultal', 'Wasted', 'Nooooooo', 'callingForgot', 'glands', 'Mite', 'Evry', 'plural', 'yor', 'GOTMARRIED', 'missions', 'Science', 'viveki', 'Aka', 'yijuehotmailcom', 'priya', 'yould', 'patients', 'bluray', 'ignoring', '1148', 'amplikater', 'alot', 'bowls', 'dled', 'bridge', 'Ssi', 'Loved', 'chapter', 'domain', 'anybodys', 'happenin', 'EXPLAIN', 'fox', '515pm', '3Sentiment', 'TimeGud', 'topic', 'formatting', 'Forgets', 'collegexx', 'concentrating', 'elaborating', 'strtd', 'ofice', 'compulsory', 'embassy', 'hypertension', 'versus', 'assistance', 'H', 'bleak', 'rude', 'magicalsongsblogspotcom', 'ASTHERE', 'toopray', 'freaking', 'Biola', 'nanny', 'prix', 'wrks', 'MYSELF', 'borderline', 'pleasant', 'dessert', 'Zogtorius', 'error', 'teethif', 'prin', 'unfolds', 'cresubi', 'cd', 'fridayhope', 'exercise', 'anjolas', 'resubbing', 'granted', 'cr', 'wizzle', 'Terry', 'kalaachutaarama', 'lifetime', 'Lil', 'langport', 'CER', 'Somewhr', 'dengra', 'triumphed', 'Omw', 'sarcasm', 'giggle', 'allows', 'SORTEDBUT', 'Aaniye', 'ANNIE', 'Missed', 'Thing', 'Leannewhat', 'OKDEN', 'babysit', 'liquor', 'resizing', 'Shijutta', 'gdeve', 'PISS', 'SCARY', 'numberpls', 'TOCALLSHALL', 'Nowadays', 'pattys', 'AROUND', 'Ditto', 'skint', 'links', 'BEER', 'drove', 'detail', 'therexx', 'cave', 'wounds', 'hont', 'ENC', 'solve', '5Sankatmochan', 'watchin', 'atyour', 'increase', 'hundredhe', 'shove', 'SAUSAGELOVE', 'woould', 'goodfine', 'kanoil', 'callurgent', 'bend', 'delivery', 'Browni', 'reminder', 'accordingly', 'Shahjahans', 'Uh', '2naughty', 'neighbors', 'refund', 'Mountains', 'dust', 'dying', 'Jones', '700', 'MUCHXXLOVE', 'thriller', 'Lk', 'Blackim', 'charlie', 'FEELINGOOD', 'reminded', 'carso', 'stunning', 'lengths', 'kotees', 'the4th', 'chief', 'sudden', 'challenging', 'chikkuil', 'REALY', 'unconscious', 'reLation', 'Yalru', 'Gotta', 'yoville', 'IMAT', 'sitter', 'personMeet', 'nervous', 'STU', 'HAS', 'carolina', 'tolerance', 'karo', 'begun', 'pei', 'shits', 'nolistened2the', 'Cbe', 'followed', 'IKNO', 'Therere', 'bpo', 'dooms', 'feathery', 'MISSED', 'merry', 'dwn', 'Comfort', 'WAIT', 'SUM', 'Fml', 'Chasing', 'teethis', 'Chachi', 'undrstnd', 'fring', 'Moment', 'chickened', 'computational', 'heaven', 'desk', 'Cozsomtimes', 'packing', 'Orh', 'FIT', 'Makes', 'Harishs', 'doug', 'ignorant', 'Kindly', 'Voila', 'youkwhere', 'jump', 'mondaynxt', 'Spring', 'Poor', 'forgive', 'oyster', 'CERI', '1680', 'Sprint', 'jane', 'idk', 'MONKEYAROUND', 'flatter', 'reflex', 'soil', 'carryin', 'PRESCHOOLCOORDINATOR', 'Dom', 'salmon', 'howve', 'Inever', 'Although', 'want2come', 'Squishy', 'REPORT', 'adi', 'victors', 'prasad', 'burrito', 'sachinjust', 'resend', 'darlinim', 'thoughts', 'nmde', 'supplies', 'struggling', 'helen', '¾ã', '5ish', 'Nimbomsons', 'Sfine', 'eightish', 'erupt', 'knocking', 'PEACH', 'thuglyfe', 'engalnd', 'nitz', 'mini', 'jetton', 'Mornings', 'diapers', 'outage', 'temper', 'mint', 'tshirt', 'whose', 'KNACKERED', 'hadya', 'jontin', 'knowthis', 'misstake', 'helloed', 'compofstuff', 'PORTIONS', 'cruise', '8o', 'BORNPLEASE', 'herwho', 'Salam', 'attractioni', 'squeezed', '3optical', 'ZOE', 'exhibition', 'unfortuntly', 'daal', 'dereks', 'subletting', 'bookedthe', 'nevr', 'young', 'ducking', 'FREINDS', 'CHANCE', 'heron', 'Haiyoh', 'tooPray', 'MOyeP', 'onit', 'nattil', 'admit', 'topicsorry', 'Hmmmy', 'gained', 'prayers', 'ela', 'namemy', 'sapna', 'Limited', 'SPUNOUT', 'themes', 'carlin', 'Future', 'stairs', 'bsn', 'moneYas', 'themed', 'Gokila', 'BROKE', 'lyk', 'PAYED2DAY', 'cooperative', 'leads', 'freaky', 'AINT', 'Loosu', 'hail', 'ml', 'mi', 'khelate', 'mj', 'costumes', 'xxxxxxxxxxxxxX', 'evo', 'hectic', 'disturbancemight', 'freaked', 'mw', 'pubs', 'ms', 'Newport', 'BeerRs', 'INDIANS', 'Youi', 'Ssnervous', 'elliot', 'auntys', 'exwife', 'Nofew', 'sharing', 'clearer', 'RUDI', 'urmomi', 'guitar', 'ovulatewhen', 'ILEAVE', 'plum', 'iam', 'strict', 'particular', 'practising', 'Atlast', 'Air', 'darkness', 'dawns', 'meshe', 'Hmph', 'Seventeen', 'phd', 'grams', 'splash', 'Rent', 'BCK', 'scrappy', 'Remembrs', 'Ciao', 'YEH', 'miserable', 'YET', 'cometil', 'heÂ', 'panalambut', 'stuff42moro', 'boyfriend', 'vomitin', 'smidgin', 'Yagoing', 'Phone', 'schools', 'Onum', 'cysts', 'Kkcongratulation', 'Common', 'Allahmeet', 'hereremember', 'asthma', 'monkey', 'Work', 'Quick', 'ganesh', 'grooved', 'macs', 'Neway', 'upon', 'Muhommad', 'gET', 'inst', 'bold2', 'quitting', 'CALM', 'chinky', 'stocked', 'shoreThe', 'woul', 'andrewsboy', 'restWish', 'workLove', 'absolutely', 'batsman', 'barring', 'checkboxes', 'youso', 'animation', 'smashed', 'pole', 'apeshit', 'spiffing', 'haul', 'phasing', 'lubly', 'basketball', 'PETROL', 'achieve', 'community', 'stillmaybe', 'fusion', 'wellyou', 'PARENTS', 'hep', 'yellow', 'haven', 'hogidhechinnu', 'PPL', 'NUMBER', 'CHECKIN', 'computers', 'andres', 'fakemy', 'Woodland', 'wuldnt', 'bâ', 'dumb', 'curfew', 'reslove', 'contract', 'Ffffffffff', 'tylers', 'inpersonation', 'Sry', 'Teresa', 'Correct', 'dump', 'reset', 'description', 'sensesrespect', 'singapore', 'concentration', 'VIA', 'gay', 'conected', 'pulls', 'youuuuu', 'ivatte', 'TOPLAY', 'stylish', 'Hasnt', 'bong', 'sayy', '2Bajarangabali', 'leo', 'BREAK', 'chinchillas', 'orc', 'Finished', 'whispers', 'Patrick', 'wikipediacom', 'initiate', 'typical', 'OFTEN', 'jolly', 'DAN', 'groovy', 'wasted', 'ubi', 'bc', 'flea', 'MSG', 'bk', 'classmates', 'asda', 'sugardad', 'invitation', 'bw', 'stool', 'Katexxx', 'flew', 'recorded', 'WORRIEDx', 'FIELDOF', 'Ola', 'godtaken', 'Available', 'meow', 'Geelater', 'wrking', 'iff', 'adewale', 'GAILxx', 'payments', 'hunnyjust', 'L8r', 'Opinion', 'takenOnly', 'espell', 'THO', 'grocers', 'showered', 'air1', 'MRur', 'Ready', 'concern', 'textin', 'typelyk', 'easter', 'names', 'scraped', 'surgical', 'thatÂ', 'analysis', 'Geoenvironmental', 'dajst', 'Guy', 'mudyadhu', 'Din', 'replyBe', 'engagement', 'nitro', 'lifted', 'weathers', 'Starts', 'sales', 'foregate', 'meaningful', 'CONTENTION', 'ubandu', 'edward', 'drum', 'lifeThis', 'transcribing', 'SHE', 'listener', 'jam', 'hugh', 'ploughing', 'forwarding', 'wipro', 'Hidid', 'enemies', 'WELLDA', 'spelling', 'Olol', 'clarification', 'LLSPEAK', 'alwys', '4years', 'inperialmusic', 'admiti', 'kanoanyway', 'srsly', 'REALISE', 'Swayze', 'FRESHERS', 'HmmBad', 'ipaditan', 'hdd', 'NUMBERSO', 'taught', 'colours', 'TALKIN', 'childs', 'BRISTOL', 'misfits', 'adsense', 'Earth', 'sutra', 'faultfed', 'cm', 'BATH', 'flavour', 'dangerous', '2mro', 'adress', 'POKKIRI', 'command', 'resuming', 'THEACUSATIONS', 'Cannot', 'actin', '545', 'dang', 'Truthful', 'grandma', 'wi', 'formal', 'wa', 'NEWQUAYSEND', 'EVEN', 'sayhey', 'Painful', 'albumquite', 'Apnt', 'format', 'anyones', 'WID', 'chatting', 'prices', 'Miles', 'london', 'AVA', 'Twittering', 'n8', 'carente', 'contented', 'MISSY', 'uttered', 'Ma', 'LAPTOP', 'EXETER', 'flying', 'treats', 'Only1more', 'gucci', 'irritation', 'copies', 'paces', 'LUSH', 'worryuse', 'everyday', 'losers', 'ALSO', 'nz', '4the', 'fluids', 'purchases', 'theplace', 'CL', '100', 'History', '4MY', 'CU', 'Crazy', 'uncut', 'Brainless', 'COMMON', 'loans', 'operate', 'Question', 'priest', 'Bone', 'timings', 'tron', 'fireplace', 'el', 'surname', 'configure', 'monster', 'faber', 'nÃ', 'abnormally', 'Thnx', 'fortune', 'CREDIT', 'LOVEJEN', 'general', 'INDYAROCKSCOM', 'LITTLE', 'Whenwhere', 'Ganesh', 'Arngd', 'GIMMI', 'kbut', 'arithmetic', 'pockets', 'thenwill', 'Sthis', 'Raining', 'INFORM', 'fav', 'safety', 'srt', 'onluy', 'wlcome', 'BEDROOMLOVE', 'hangin', 'forgets', 'DUMB', 'MUMS', 'visiting', 'ABOUTAS', 'healthy', 'rawring', 'rajini', 'walsall', 'scrumptious', 'thia', 'shorts', 'thin', 'buyer', 'dodda', 'unsoldmike', 'lush', 'personally', 'ps3', 'RANG', 'hanks', 'profiles', 'btw', 'decades', 'Expected', 'employee', 'atrocious', 'accomodate', 'Others', 'edge', 'SPINOUT', 'guides', 'ireneere', 'roomate', 'Intimate', 'Cttergg', 'goggles', 'dial', '945', 'ENUFCREDEIT', 'parent', 'breezy', 'hittng', 'sivatats', 'negative', 'aka', 'nike', 'chores', 'tait', 'lark', 'gari', 'Jokin', 'fetching', 'jenny', 'cheque', 'destination', 'minus', 'GONEU', 'Wylie', '1IM', 'jenne', 'prince', 'KNOWNEWAY', 'itmay', 'carly', 'Hitler', 'amigos', 'Nottel', 'experiment', 'suckers', 'comedycant', 'length', 'wondar', 'Neville', 'tor', '2When', 'percentages', 'Trying', 'gdnow', 'poured', 'tightly', 'hassling', 'rdy', 'Zindgi', 'tallahassee', 'arguments', 'impressively', 'Hui', 'oblisingately', 'familiar', 'loti', 'ow', 'lotz', 'requirements', 'epi', 'sayask', 'collected', 'sashimi', 'mist', 'Took', 'mouse', 'TOBED', 'enters', 'lanre', 'herethanksi', 'Hospitals', 'landing', 'fiendmake', 'studio', 'progress', 'knowhe', 'DATE', 'ibored', 'elections', 'tonitethings', 'Baaaaaaaabe', 'Phil', 'aids', 'VALENTINES', 'nipost', 'grasp', 'Gr8', 'cha', 'realise', 'stifled', 'Hiwhat', 'wtc', 'vague', 'steps', 'rupaul', 'idconvey', 'eldest', 'french', 'wiproyou', 'original', 'burden', 'installation', 'iphone', 'muchi', 'Ima', 'LMAO', 'american', 'linux', 'Wotz', 'jokethet', 'PERIL', '116', 'cheek', 'spanish', 'Hari', 'cried', 'vldo', 'delicious', 'Mon', 'Mom', 'blown', 'rcbbattle', 'IMPORTANT', 'ovr', 'Ure', 'corvettes', 'Fun', 'a30', 'farting', 'kintu', 'festival', 'bird', 'cutest', 'pierre', 'vibrator', 'wesleys', 'bloke', 'colany', 'watts', 'youthats', 'dismissial', 'deduct', 'exterminator', 'Anyone', 'Ride', 'faglord', 'sathy', 'showed', 'Bbq', 'provider', 'discount', 'belongs', 'conveying', 'term', 'swear', 'MONKEESPEOPLE', 'Hmmmkbut', 'Collect', '4few', 'Book', 'outhave', 'robs', 'Ohas', 'Okies', 'squid', 'selfish', 'wks', 'LOOKIN', 'younger', 'WRKI', 'lifebook', 'ashes', 'bathroom', 'WERETHE', 'edition', 'kafter', 'Lool', 'Fr', 'pressies', 'MISSIN', 'references', 'Shb', 'logging', 'complaining', 'factory', 'MYCALLSU', 'afford', 'dealFarm', 'WORDS', 'READ', 'showers', 'shrek', 'smash', 'rejected', 'WordsEvry', 'Ujhhhhhhh', 'RANDOM', 'repeat', 'rechargeRakhesh', 'yah', 'spot', 'afternon', 'yam', 'uncomfortable', 'THATMUM', 'Cramps', 'However', 'pre', 'spk', 'herepls', 'Mostly', 'modelsony', 'MECAUSE', 'arises', 'DAMMIT', 'thinked', 'hardcore', 'gandhipuram', 'fired', 'scratching', '4BREKKIE', 'urination', 'enjoying', '128', 'parade', 'accenture', 'INCONVENIENCE', '120', 'yday', 'Determined', 'pple700', 'Afternoons', 'aquarius', 'Gibbs', 'Takin', 'spys', 'burgundy', 'learned', 'MR', 'chad', 'AÂ', 'weÂ', 'vital', 'thousands', 'Indyarockscom', 'wifedont', 'somewhereSomeone', 'thinkThis', 'breeze', 'Black', 'NIC', 'trishul', 'prestige', 'lasagna', 'workAnd', 'Waaaat', 'LST', 'Props', 'useless', 'Tonight', 'hitman', 'Amrca', 'lobby', 'bomb', 'consistently', 'nus', 'shldxxxx', 'smell', 'PHONE', 'ITxx', 'verifying', 'transfred', 'availablei', 'Healer', 'thanxxx', 'backa', 'rebooting', 'punto', 'thou', 'TALKED', 'Rs5', 'usLET', 'accent', 'simulate', '447per', 'brownie', 'Thinkin', 'randomly', 'ovarian', 'ordered', 'innu', 'edrunk', 'dreamsu', '5IÂ', 'thisdon', 'lambda', 'opinions', 'Tim', 'pretsorginta', 'styles', 'tai', 'poop', 'Ding', 'US', '7Mahaveer', 'Dino', 'theKingshead', 'acknowledgement', '2u2', 'completing', 'Dint', 'huiming', 'AlaikkumPride', 'winning', 'okvarunnathu', 'yowifes', 'Sonetimes', 'starring', 'permanent', 'Wld', 'liaoSo', 'surf', 'bfore', 'oru', 'occasion', 'Ooooooh', 'madodu', 'glo', 'manageable', 'WISH', 'possibly', 'JAZ', 'LES', 'drms', '2IM', 'icon', 'dict', 'Yaxx', 'winterstone', 'Sup', 'dice', 'skinny', 'presnts', 'Sux', 'paranoid', 'associate', 'courtroom', 'friendships', 'arguing', 'housework', 'OTHERWISE', 'maili', '2NITETELL', 'Yessura', 'Building', 'meim', 'threats', 'ecstasy', 'Shahjahan', 'bffs', 'hole', 'tag', 'Peripherals', 'Wana', 'Yen', 'Yeh', 'FriendshipMotherFatherTeachersChildrens', 'Yet', 'apologize', 'chennaii', 'BLOKES', 'fulfil', 'Hearts', 'scores', 'sterling', 'dock', 'jokin', 'Oyea', 'Hang', 'senrddnot', 'casting', 'Alrite', 'outsider', 'IsaiahD', 'PARTNERS', 'bambling', 'SYMPTOMS', 'sdryb8i', 'bedrm', 'synced', 'magazine', 'desparately', 'lecturer', 'Ooh', 'Ami', 'yifeng', 'tau', 'hamper', 'ibuprofens', 'chasing', '4thNOVBEHIND', 'quarter', 'Ctargg', 'SPORTSx', 'roles', 'beg', 'Compass', 'mailed', 'burnt', 'Greetings', 'shakara', 'mandara', 'Hhahhaahahah', 'burns', 'yeovil', 'Innocent', 'accidant', 'accounts', 'bec', 'logoff', 'nuerologist', 'chuck', 'opps', 'sterm', 'Enna', 'surrounded', 'Sends', 'HUN', 'daywith', 'LRG', 'Poop', 'tuth', 'starer', 'burial', 'Them', 'puzzeles', 'Hospital', 'corrupt', 'vs', 'WatrDayNo', 'Jez', 'pimpleseven', 'suddenly', 'shades', 'Jen', 'hav2hear', 'Mah', 'downs', 'caps', 'DADS', 'predictive', 'Nw', 'THEWEND', 'youâ', 'Pose', 'febapril', 'Guild', 'Thx', 'Chinatown', 'Tho', 'helping', 'flood', 'dha', 'hopeing', 'indian', 'Heehee', 'olage', 'Taka', '60400thousadi', 'calis', 'loneliness', 'eruku', 'boundaries', 'drizzling', 'replacing', 'havin', 'applespairsall', 'BK', 'Yesterday', 'Prashanthettans', 'Itll', 'seekers', 'Hicts', 'balloon', 'Bc', 'hat', 'purchase', 'xin', 'prsn', 'fowler', 'Holla', 'BOUTxx', 'multimedia', 'OVER', 'iron', 'specialise', 'tryin', 'JAN', 'embarassing', 'eventually', 'diskyou', 'posible', 'rumbling', 'muht', 'Save', 'June', 'irritated', 'Velusamy', 'torture', 'JUSWOKE', 'itmail', 'Wednesday', '725', 'Beauty', 'LUTON', 'device', 'Received', 'knowwait', 'tables', 'traffic', 'weighed', 'theater', 'Though', 'frndsship', 'justthought', 'satanic', 'btwn', 'phews', 'lovly', 'Maat', 'gdthe', 'opted', 'LIKELY', 'steamboat', 'overemphasiseor', 'rules', 'trusting', 'OLD', 'laughs', 'Drop', 'CAME', 'strongly', '5years', 'tootsie', 'Courageous', 'drmstake', 'beeen', 'chikkuB', 'flim', 'Force', 'XXXXX', 'approve', 'girlie', 'jurong', 'anyhow', 'fancied', 'pimples', 'chikkuk', 'TALK', 'Ohi', 'spiritual', 'nowonion', 'humanities', 'homecheck', 'trauma', 'locks', 'relieved', 'woozles', 'listening2the', 'posts', '2hrs', 'wordnot', 'brothers', 'escalator', 'bimbo', 'johnÂ', 'entrepreneurs', 'HAUGHAIGHGTUJHYGUJ', 'velachery', 'TISSCOTayseer', 'gayle', 'inmind', 'sundayish', 'masteriastering', 'cherthalain', 'evenings', 'speaking', 'welli', 'KISS', 'transferacc', 'Hasbroin', 'CRISISSPK', 'determine', 'biolas', 'occur', 'PROBLEM', 'Guai', 'banter', 'shouting', 'proper', 'facilities', 'embarrassed', 'pants', 'bandages', 'annoying', '4rowdy', 'HONEYDID', 'smaller', 'Sicomo', 'Jordan', 'shite', 'Staying', 'Midnight', 'hustle', 'paths', 'posterode', 'spoilt', 'pears', 'paragraphs', 'Neshanthtel', 'foward', 'Contact', 'complain', 'startedindia', 'ISVIMPORTANT', 'gain', 'filling', 'bhaskar', 'problembut', 'anythiing', '98321561', 'kitty', 'oneta', 'mth', 'parachute', 'sickness', 'sack', 'perumbavoor', 'Yesgauti', 'maths', 'frequently', 'Iriver', 'Ãœll', 'MilkdayNo', 'arrived', 'Redim', 'perpetual', 'adds', 'BORING', 'abstract', 'wknd', 'possibility', 'youPhone', 'offline', '2nhite', 'Gyno', 'clocks', 'nalla', 'endowed', 'CONTRACT', 'endless', 'kvb', 'snuggles', 'african', 'program', 'unbelievable', 'dryer', 'stuffleaving', 'YWHERE', 'waliking', '7am', 'rahul', 'mising', 'phonebook', 'arise', 'aunties', 'exeter', 'smacks', 'peaceful', 'andre', 'buyers', '2nite', 'Franxx', 'LETS', 'nichols', 'GOODNOON', 'luvd', 'themP', 'bitching', 'xuhui', 'Serena', 'jeevithathile', 'anythingtomorrow', 'fondly', 'homewot', 'realising', 'MARCH', 'okcome', 'INTERVIW', 'frosty', 'stash', 'prediction', 'functions', 'punish', 'thinl', 'Peaceful', 'wondarfull', 'women', 'Expression', 'inconvenient', 'hall', 'oblivious', 'valueMorning', 'tul', 'senthil', 'RIGHT', 'Having', 'portal', 'ros', 'Fredericksburg', 'SOFA', 'SEX', 'involve', 'rob', 'hiphop', 'sudn', 'hooked', 'couch', 'gooddhanush', 'Unlike', 'BUZ', 'Hmmmstill', 'ntswt', 'friendsare', 'donewant', 'moji', 'wrench', 'posting', 'vinobanagar', 'overheating', 'lautech', 'withdraw', 'Quote', 'careless', 'deposited', 'slices', 'BANG', 'sao', 'BANK', 'BREAKIN', 'vilikkamt', 'boyy', 'pmt', 'sar', 'sonathaya', 'removed', 'FRMCLOUD', 'chapel', 'dado', 'Woman', 'tram', 'Awww', 'intha', 'dads', 'internal', 'Shoranur', '4eva', 'needa', 'dialogue', 'Yavnt', 'Gal', 'odalebeku', 'cage', 'lightly', 'Food', '3365', 'MOON', 'september', 'EXACT', 'cricket', 'deyhope', 'nasty', 'Working', 'NVQ', 'Kkwhere', 'fried', 'allalo', 'bestcongrats', 'leastWhich', 'kuch', 'graduated', 'HELLOGORGEOUS', 'multis', 'glass', 'tonsolitusaswell', 'easiest', 'idu', 'Re', 'dudette', 'Tas', 'coaxing', 'sameso', 'Ahhh', 'ystrdayice', 'poortiyagi', 'luks', 'genius', 'officethenampet', 'SHEFFIELD', 'ayo', 'oktake', 'Gain', 'ShanilRakhesh', 'soooo', 'fond', 'TEL', 'UPDAT', 'REBEL', 'abusers', 'engaged', 'TEX', 'BEST', 'suzy', '1120', 'upload', 'beggar', 'wheat', 'endof', '7shy', 'Nigh', 'idc', 'BUTTHERES', 'vivek', 'colourful', 'sirs', 'savings', 'directors', 'agency', 'assumed', 'Lololo', 'shitstorm', 'Musta', 'mus', 'thandiyachu', 'sisters', 'COMPLETELY', 'jod', 'doesnâ', 'recount', 'rocking', 'trouser', 'deary', 'depression', 'AGAINcall', 'differences', 'EVONE', 'MAYBE', 'wahala', 'Kothi', 'REAL', 'HCL', 'lavender', 'Hmmmhow', '21st', 'DONTIGNORE', 'auction', 'dirty', 'grown', 'pros', 'LIFT', 'batchlor', 'ak', 'aa', '3Maruti', 'COS', 'himthen', 'BABES', 'hadnt', 'uve', 'av', 'closeby', 'pudunga', 'thatnow', 'Doggy', 'nevering', 'sports', 'roadsRVx', 'thesedays', 'DRIVE', 'voucher', 'beatings', 'olayiwolas', 'lakhs', 'tagged', 'END', 'enketa', 'Sday', 'Auntie', 'performed', 'delayed', 'kodthini', 'edhae', 'iter', '4EVA', 'meAre', 'SEEING', 'ahwhat', 'GORGEOUS', 'venaam', 'somethings', 'converted', 'princeGN', 'brison', 'CHILLIN', 'youhow', 'Shola', 'Ugadi', 'sorryi', 'downloaded', 'carewhoever', 'Becoz', 'converter', 'uxxxx', 'hoops', 'immed', 'PETE', 'hundred', 'Mmmmmmm', 'falconerf', 'childporn', 'somone', 'billy', 'lyrics', 'bevieswaz', 'Slept', 'goverment', 'jewelry', 'James', 'Jeremiah', 'PSXTRA', 'previews', 'knowyetunde', 'Seem', '2MORRO', 'dictionary', 'asapok', 'praps', 'ktv', 'English', 'formallyPls', 'port', 'accordin', 'ONLYFOUND', 'MsSuman', 'travelling', 'addressull', 'identification', 'IFINK', 'programs', 'league', 'Sary', 'vic', 'nowstill', 'WIFE', 'agents', 'fal', 'begins', 'neighbor', 'hitteranyway', 'Message', 'attracts', 'Ofcourse', 'earthsofa', 'UIN', 'fifth', 'prakasam', 'Def', 'guoyang', 'Realy', 'Buzzzz', 'coulda', 'grumble', 'iccha', 'obese', 'significant', 'waythis', 'barcelona', 'doke', 'motive', 'everyboy', 'Multiply', 'Err', 'RTM', 'watchng', 'DAYS', 'Soany', 'beside', 'dependents', 'passThey', 'sc', 'Hyde', 'skateboarding', 'si', 'sh', 'police', 'hang', 'toyota', 'fletcher', 'solihull', 'specs', 'todaybut', 'ending', 'olave', 'placeNo', 'Feeling', 'friendofafriend', 'WAY2SMSCOM', 'beforehand', 'ji', 'rip', 'Audrie', 'wuld', 'jb', 'parts', 'je', 'STIL', 'QUITEAMUZING', 'gently', 'overa', 'reassurance', 'jp', 'freek', 'js', 'interfued', 'dreading', 'SMILEY', 'rummer', 'supportvery', 'watched', 'teluguthts', '2GETHA', 'AGESRING', 'witin', 'KNOWS', 'tool', 'THESEyours', 'andor', 'FIFTEEN', 'manual', 'reache', 'soo', 'Chef', 'risks', 'Cut', 'FOUNDURSELF', 'Aldrine', 'soc', 'breath', 'Becaus', 'therere', 'Cud', 'million', 'exposed', 'possessive', 'beer', 'brilliant1thingi', 'conditions', 'pixels', 'comfort', 'Cable', 'everyso', 'tarpon', 'durham', 'linear', 'Expecting', 'golden', 'cashed', 'Kkfrom', 'avenue', 'mention', 'CAUSE', 'Hmmmm', 'meDont', 'mush', 'consent', 'witot', 'careabout', 'loveJen', 'census', 'helps', 'noncomittal', '130', 'shore', 'Staff', 'Raviyog', '21', 'thus', 'dinnermsg', 'heltiniIyo', 'relationshipits', 'Tues', 'Fuuuuck', 'MySpace', 'DECIDED', 'wocay', 'hen', 'payback', 'unintentionally', 'karnan', 'events', 'Motivate', 'Designation', 'poet', 'leu', 'physics', 'usno', 'WITHOUT', 'Abbey', 'London', 'URFEELING', 'torrents', 'Deal', 'joinedHope', 'Bognor', 'tvhe', 'Jenny', '1Tulsi', 'abdomen', 'danger', 'byÂ', 'stevelike', 'LOCAL', 'Wright', 'mina', 'reception', 'halla', 'itjust', 'kaitlyn', 'guidance', 'sips', 'blankets', 'zac', 'Her', 'volcanoes', 'SHITJUSTFOUND', 'lasting', 'teacoffee', 'hyde', 'prayingwill', 'cyclists', 'puts', 'randomlly', '9am', 'Brb', 'jide', 'Loverboy', 'warwick', 'section', 'beendropping', 'bunkers', 'drastic', 'Eta', 'Kicchu', 'AFTERNOON', 'Fifty', 'ko', 'Persian', 'tamilnaduthen', 'NYs', 'Mallika', 'Wondering', 'dancin', 'reliant', 'expert', 'scorable', 'Arms', 'Wrong', 'denying', 'plaid', 'nighters', 'gynae', 'forfeit', 'raksha', 'collages', 'judgementali', 'youÂ', 'treadmill', 'starve', 'bare', 'GONNA', 'Peace', 'motor', 'rounderso', 'makiing', 'chuckin', 'evaporated', 'APPY', 'WOKE', 'audreys', 'Que', 'AFEW', 'groovying', 'hos', 'Itsnot', 'snowboarding', 'Whatâ', 'science', 'Checkmate', 'Sexy', 'dinero', 'sources', 'hoo', 'hol', 'cheetos', 'slide', 'kent', 'SmileD', 'shanghai', 'arranging', 'fucked', 'LONGER', 'NumberRespectful', 'profile', 'TOMORW', 'GIRLS', 'Gumbys', 'burger', 'cutie', 'buttons', 'accident', 'getsleep', 'spelled', 'DOESNT', 'unconsciously', 'tablet', 'patty', 'Rats', 'Loads', 'Shhhhh', 'Ubi', 'express', 'robinson', 'absence', '7Romantic', 'Career', 'buen', 'LUCYxx', 'geting', 'pints', 'Wherevr', 'activate', 'counts', 'bao', 'await', 'Intelligent', 'Hanumanji', 'SCOOL', 'memory', 'HelloHow', 'ext', '924', 'airtel', 'CAT', 'Minimum', 'coveragd', 'BETTERSN', 'ITTB', 'route', 'cThen', 'convincingjust', 'games', 'handing', 'camry', 'CAL', 'Update', 'GANG', 'Hint', 'baller', 'Greeni', 'method', 'Ni8', 'needy', 'vtired', 'ryan', 'icky', 'sambarlife', 'tonght', 'tiime', 'gep', 'conversations', 'dodgey', 'Bull', 'Arul', 'didntgive', 'spoil', 'weekdays', 'spaces', 'Tears', 'mutations', 'limits', 'pressure', 'agidhane', 'floating', 'meive', 'kkwhere', 'Apo', 'somerset', 'te', '3wks', 'eggspert', 'isnÂ', 'DLF', 'MEREMEMBERIN', 'tp', 'SATLOVE', 'youwanna', 'stressful', 'autocorrect', 'winds', 'youmy', 'statements', 'windy', 'realised', 'FROMWRK', 'watches', 'Telephonic', 'En', 'Sony', 'mahfuuzmeaning', 'wrenching', 'timin', 'LOCAXX', 'puttin', 'xxxxxxxx', 'slurp', 'remb', 'Lindsay', 'bothering', 'astne', 'pocked', 'Traditions', 'gowait', 'lage', 'tomarrow', '5mls', 'reckon', 'Faith', 'uterus', 'Ela', 'Beerage', 'SOONC', 'studdying', 'colleg', 'Yogasana', 'APRIL', 'calculated', 'dusk', 'thoso', 'Crucify', 'SOUNDING', 'frnt', 'astrology', 'rebtel', 'voted', 'Dearshall', 'ding', 'dine', 'walks', 'bunch', 'approved', 'TALKING', 'unspoken', 'meok', 'raised', 'whileamp', 'Sunday', 'load', 'uwana', 'Blueu', 'defer', 'qing', 'earlierwe', 'congrats', 'Rajitha', 'korche', 'timedhoni', 'WHORE', 'Yelowi', 'dehydration', 'MEETIN', 'intend', 'browser', 'CHEERED', 'Fwiw', 'Fat', 'MITE', 'stores', 'fooled', 'ISH', 'Luckily', 'include', '2000', 'resolution', 'DONTPLEASE', 'UNBELIEVABLE', 'mindsetbelieve', 'Noice', 'IndianPls', 'forced', 'Lots', 'Reaction', 'Christians', 'mattermsg', 'dosomething', 'invention', 'cedar', 'XXXX', '2daylove', 'cocksuckers', 'rinu', 'oclock', 'clas', 'cosign', 'mineall', 'meis', 'Fills', 'WANNATELL', 'nowcan', 'dentists', 'pounded', 'Camera', 'fishhead', 'faceasssssholeeee', 'Yesbut', 'sandiago', 'Emily', 'Cold', 'private', 'Skallis', 'Apparently', 'okday', 'boobs', 'alle', 'alrite', 'Miserable', 'Diwali', 'weakness', 'vikkyim', 'alls', 'spares', 'officestill', 'SERIOUSLY', 'sweatter', 'hidden', 'parkin', 'Cause', 'meneed', 'Thinks', 'shud', 'uv', 'freely', 'hwkeep', 'unmits', 'ud', 'Bloody', 'um', 'Partys', 'l8', 'un', 'uh', 'punch', 'dhorte', 'memorable', 'punishment', 'Sfrom', 'TayseerTISSCO', 'WONT', 'spouse', 'wishlist', 'Infact', 'anytime', 'thatll', 'nightsExcellent', 'eye', 'lk', 'spacebucks', 'meetitz', 'FRANYxxxxx', 'cakes', 'Fair', 'AH', '230ish', 'Understand', 'der', 'dogwood', 'cough', 'Fresh', '1000s', 'youdoing', 'cruisin', 'dec', 'princes', 'AV', 'belligerent', 'daysso', 'steed', 'nigro', 'Ay', 'Leaving', 'excited', 'facts', 'Truro', 'get4an18th', 'OREOS', 'uniqueI', 'comfey', 'Garbage', 'messageit', 'becz', 'postponed', 'Boooo', 'minimum', 'nan', 'packalso', 'wheel', 'bcum', 'nav', 'REALLYNEED', 'transaction', 'carpark', 'dahe', 'trek', 'cudnt', 'extract', 'processed', 'Guessin', 'Com', 'Yesmum', 'famous', 'Waiti', 'UNDERSTaND', 'cardin', 'wetherspoons', 'intentions', 'starshine', 'statement', 'Machan', 'millers', 'smoothly', 'honest', 'Allo', 'Maretare', 'Tea', 'AllahRakhesh', 'CHAT', 'GWR', '40mph', 'bedreal', 'expects', 'Misplaced', 'complexities', 'regret', 'lunchtime', 'content', 'Kent', 'Carlosll', 'kindly', 'Keng', 'restUWud', 'openin', 'rileys', 'BACKWARDS', 'planetI', 'plumbers', 'receiptsâ', 'promptly', 'Orangei', 'King', 'BOOKS', 'permissions', 'seeking', 'reserved', 'pisces', 'Fools', 'stalking', 'werent', 'dealers', 'Celebrations', 'offcampus', '1LemonDayNo', 'england', 'unusual', 'clover', 'travelled', 'trainners', 'predicting', 'Help', 'familymay', 'saibaba', 'Wont', 'usps', 'meummifyingbye', 'ironing', 'Nobut', 'summon', 'ownyouve', 'afterwards', 'fedex', 'Sugar', 'lonlines', 'heal', 'view', 'respectful', 'neglect', '50s', 'temales', 'Macha', 'fals', 'continent', 'm100', 'SN', 'heap', 'chick', 'Bugis', 'stealing', 'FONIN', 'Companion', 'duvet', 'daalways', 'intrepid', 'Cribbs', 'lighters', 'xxxxxxx', 'WORRY', 'senor', 'failing', 'services', 'ger', 'Pathaya', 'retired', 'IWANA', '0125698789', 'gei', '5digital', 'satÃ¼', 'mentionedtomorrow', 'sport', 'listn', 'eshxxxxxxxxxxx', 'owed', 'drunkard', 'expression', 'MILLIONS', 'WRKIN', 'allday', 'dayswill', 'lists', 'postal', 'leg', 'finds', 'THECD', 'cuppa', 'Kkyesterday', 'beauties', 'hunting', 'sunroof', 'asshole', 'goin2bed', 'offc', 'returning', 'scouse', 'handsomes', 'avoids', 'someday', 'tui', 'readyall', 'degrees', 'efficient', 'grow', 'hopeafternoon', 'comp', 'plate', 'mns', 'dieting', 'BOYFRIEND', 'lunsford', 'choosing', 'comb', 'sorrowsI', 'ipads', 'promoting', 'dobby', 'TOOL', 'ibm', 'nothin', 'nothis', 'stressed', 'mentionned', 'ouch', 'BOYF', 'brin', 'molestedsomeone', '4wrd', 'Purpleu', 'AXIS', 'BABESOZI', 'charming', 'mirror', 'musical', 'unsoldnow', 'tackle', 'melike', 'WEDLUNCH', 'sooo', 'Invest', 'adults', 'GIV', 'Goodnoon', '215', 'MESSAGE', 'RED', 'galno', 'sometimeRakheshvisitor', 'dogg', 'steyn', 'genes', 'unconditionally', 'whereare', 'alexs', 'hunny', 'GOODNITE', 'influx', 'Dips', 'wined', '2WATERSHD', '140', 'finishd', 'prone', 'uif', 'bras', 'image', 'youmoney', 'SATTHEN', 'Pilates', 'Icic', 'Wendy', 'hearted', 'recycling', 'Audrey', 'developer', 'Hahatake', 'painhope', 'grownup', 'tobacco', 'stability', 'rubber', 'madoke', 'leonardo', 'Gudnyt', 'baig', 'citylink', 'DollD', 'LIKINGBE', 'xins', 'frwd', 'Dolls', 'oxygen', 'swhrt', 'Kdo', 'modl', 'kilos', 'westshore', 'Sindu', 'characters', 'streetshall', 'bowa', 'kane', 'BARMED', 'MOMENT', 'madstini', 'havnt', 'someplace', 'poo', 'Funny', 'submitted', 'HUNNYHOPE', 'avin', 'fakeyes', 'BORED', 'worms', 'approaches', '6missed', 'glory', 'Poyyarikaturkolathupalayamunjalur', 'duffer', 'salesman', 'MUCHI', 'fridays', 'Fancy', 'memories', 'newsHype', '4Pavanaputra', 'OVERDOSE', 'finns', 'piss', 'arun', 'Gudnite', 'entertaining', 'Schools', 'Kkwhat', 'champlaxigating', 'Unfortunately', 'goods', 'recognises', 'ksry', 'Weightloss', 'adjustable', 'Soon', 'gota', 'harlem', 'logged', 'Vegas', 'SEEN', 'unconvinced', 'shun', 'Agalla', 'alwa', 'newscaster', 'prometazine', 'UPYEH', 'Psychiatrist', 'overtime', 'm8', 'AL', 'fold', '6months', 'Exam', 'Treat', 'act', 'honeymoon', 'spring', 'sorta', 'BOO', 'Has', 'pubcafe', 'correction', 'heavily', 'ltEMAILgt', 'Babes', 'REGRET', 'Rightio', 'receipts', 'blowing', 'strips', 'XoXo', 'SD', 'worrying', 'failure', 'decorating', 'brighten', 'wheellock', 'attending', 'lou', 'among', 'loo', 'sink', 'wisheds', '1843', 'homelove', 'sleeps', 'yuou', 'samantha', 'jet', 'Saw', 'adding', 'SHOWR', 'Sar', 'chop', 'lineyou', 'YOURE', 'pthis', 'incomm', 'Almost', 'disconnected', 'Ilol', 'onedge', 'cliffs', 'trash', 'ego', 'babyjontet', 'piah', 'pocay', 'six', 'sip', 'ChristmasMerry', 'outdoors', 'moviewat', 'samachara', 'pen', 'himso', 'godnot', 'pee', 'glasgow', 'SWITCH', 'Pshewmissing', 'Become', 'contains', 'BBDthts', 'badly', 'grinder', '6times', 'breather', 'firsg', 'pure', 'lotsly', 'pura', 'images', 'education', 'Jays', 'todayhe', 'smells', 'POINT', 'kama', 'joker', 'innocent', 'ASLEEP', 'laying', '420', 'inlude', 'Such', 'steering', 'Jane', 'marrgeremembr', 'senthilhsbc', 'uses', '12000pes', 'user', 'conserve', 'Lands', 'vill', 'prior', 'correctly', 'maps', '1526', 'beehoon', 'Carry', '8lb', 'Chikku', 'deserve', 'Wnevr', 'Response', 'spatula', 'armands', 'dentist', 'stuffing', 'inspection', 'huai', 'hire', 'CLoSE', 'blogging', 'laready', 'BETTER', 'privacy', 'Yummmm', 'galsU', 'OceanD', 'bellearlier', 'nobodys', 'shaking', 'channel', 'Reminding', 'PetrolRs', 'subs', 'deam', 'coccooning', 'DEAD', 'preponed', 'upseti', 'Small', 'fastpls', 'Ambrithmaduraimet', 'hwd', 'popcorn', 'certificate', 'Charles', 'weaseling', 'Arabian', 'comment', 'bus822656166382', 'MOVIE', 'Match', 'li', 'GROWRANDOM', 'paypal', 'NITE2', 'undrstndng', 'Wasnt', 'pillows', 'october', 'mack', 'suffering', 'referin', 'upsetits', 'lm', 'riddance', 'dancce', 'loverakhesh', 'crushes', 'vidnot', 'Congratulations', '67441233', '1Cup', 'nobbing', 'ip', 'sunshine', 'univ', 'WRLD', 'sponsors', 'nosh', 'aspects', 'super', 'Reckon', 'taylors', 'Stay', 'slowing', 'Hoping', 'iZ', 'NHS', 'east', 'portege', 'matra', 'rakhesh', 'Values', 'studies', 'Yest', 'diesel', 'Cps', 'matters', 'tallent', 'alsoor', 'hanger', 'Big', 'DONT', 'unintentional', 'vpist', 'pink', 'wicket', 'smear', 'Keepintouch', 'shortly', 'janarige', 'presents', 'wicked', 'marriageprogram', 'gotany', 'accordinglyor', 'Lancaster', 'Spending', 'performance', 'yorge', 'beforewent', 'horse', 'potato', 'GIFTS', '1U', 'scratches', 'weapon', 'hannaford', 'smokin', 'bhayandar', 'lingo', 'implications', 'inour', 'Yesfrom', 'ajith', 'discussed', 'hunonbus', 'fro', 'toDo', 'objection', 'motivating', 'proove', 'anyplaces', 'KEEP', 'minstand', 'meowD', 'RememberI', 'brum', 'fights', 'Deliver', 'Jerk', 'Yaxxx', 'computerless', 'fruit', 'latebut', 'varma', 'atlanta', 'SARY', '1205', 'luvNight', 'garbage', 'crashed', 'relaxing', 'held', 'wrk', 'korte', 'vaguely', 'AVENT', 'Inform', 'laid', 'avo', 'zeros', 'shaping', 'bless', 'shattered', 'total', 'cuddled', 'usGET', 'STUDENTFINANCIAL', 'laurie', 'syllabus', 'documents', 'Shell', 'Prayrs', 'signin', 'perf', 'layin', 'camp', 'sehwag', 'Tunde', 'combination', 'disagreeable', 'restocked', 'BCozI', 'Annoying', 'frankgood', 'Madamregret', 'habit', 'Eatin', 'STaY', 'risk', 'mofo', 'practicum', 'specialisation', 'HAVEBEEN', 'coherently', 'workage', 'peeps', 'shock', 'select', 'Aslamalaikkuminsha', 'dramastorms', 'lotsof', 'EVERY1', 'Pray', 'passable', 'Honestly', 'leonas', 'Address', 'diamond', 'beautifulMay', 'snickering', 'mundhe', 'least5times', 'shangela', '6Cruel', 'astoundingly', 'exchanged', 'atlast', 'independently', 'Prakesh', 'houseful', 'forgiveness', 'debating', 'fidalfication', 'ears', 'lodge', 'Lion', 'Centre', 'systems', 'crammed', 'Goin', 'ceiling', 'Rajnikant', 'amore', 'Jenxxx', 'sex', 'bites', 'machiany', 'chennaibecause', 'tactful', 'stuffs', 'suffers', 'europe', 'chastity', 'Draw', 'Abt', 'Simply', 'parentnot', 'careful', 'CHARGE', 'Howda', 'vibrant', 'neekunna', 'Dan', 'Sending', 'sef', 'footie', 'renewal', '1AppleDayNo', 'bac', 'Nothin', 'Forevr', 'emailed', 'Flung', 'grateful', 'seh', 'prakasamanu', 'swashbuckling', 'Sarcasm', 'Meds', 'smoked', 'organise', 'WISHING', 'membership', 'Surly', 'intrude', 'fallen', 'prevent', 'park6ph', 'COUNTINLOTS', 'gs', 'Genius', 'textbook', 'dobbys', 'blastin', 'uwant', 'motherfucker', 'Jealous', 'cross', 'significance', 'ga', 'boggy', 'raping', 'century', 'mary', 'Aaooooright', 'rons', '101mega', '1010', 'affectionate', 'asia', 'tescos', 'Nickey', 'stripes', 'WRK', 'passport', 'uphad', '1230', 'RTO', 'mushy', 'LIKEYOUR', '2Hook', 'MIDNIGHT', 'hits', 'parentsi', 'repeating', 'appear', 'SAME', 'manege', 'Started', 'grinule', 'parantella', 'teaching', 'smsing', 'asus', 'OnionRs', '2GEVA', 'tears', 'styling', 'Shiny', 'Explain', 'BBDpooja', 'shelves', 'cuck', 'Senthil', 'INTELLIGENT', 'nightnight', 'ASKED', 'ThatÂ', 'Independence', 'lifeis', 'grr', 'sheet', 'OURBACKS', 'Gettin', 'ridden', 'inner', 'gre', 'underdtand', 'hsbc', 'although', 'shrub', 'misscall', 'minecraft', 'kaila', 'Mother', 'swalpa', 'Pass', '2DOCDPLEASE', 'whr', 'url', 'Warm', 'QatarRakhesh', 'ahnow', 'correctionor', 'dearloving', 'mc', 'Studying', 'braindanceÂ', 'Holby', 'Badrith', 'Beth', 'walkin', 'wallet', 'breakfast', 'crucial', 'brilliant', 'frndshp', 'Pics', 'HIT', 'basqihave', 'Slaaaaave', 'indeed', 'shoulders', 'guesses', 'MONL8RSx', 'WOMAN', 'split', 'hides', 'Dormitory', 'blessget', 'rajas', 'playerwhy', 'guessed', 'Years', 'Filling', 'dent', 'Enamous', 'OFF', 'woah', 'authorise', 'followin', 'Itna', 'SUMTHINxx', 'shy', 'apt', 'grandfather', 'keluviri', 'slovely', 'youcarlos', 'Armand', 'alreadysabarish', 'starving', 'CAREFUL', 'chikkugoing', 'splwat', 'Waitshould', 'JADE', 'Either', 'breadstick', 'School', 'daplease', 'semiobscure', 'Problms', 'disappointment', 'Kkadvance', 'blocked', 'neither', 'alivebetter', 'ph', 'Gaze', 'corrct', 'Thatâ', 'cereals', 'PETEXXX', 'tvlol', 'RISE', 'CALLIN', 'footblcrckt', 'assessment', 'DIDNÂ', 'sticky', 'Platt', 'txting', '3U', 'cook', 'technologies', 'residency', 'Vikky', 'sheffield', 'joinedso', 'attention', 'papa', 'washob', 'survey', 'shexy', 'MAKE', 'itried2tell', 'dvg', 'openings', 'Sold', 'Money', 'dysentry', 'stuffed', 'AGOCUSOON', 'ikea', 'Airtel', 'fake', 'haunt', 'latei', 'executive', 'texas', 'vegas', 'token', 'persevered', 'Chk', '1childish', 'sittin', 'smsd', 'pump', 'BUDDY', 'Ashley', 'HAVBEEN', 'Laugh', 'HONI', 'essay', 'downstem', 'OKTAKE', 'possibleHope', 'Keris', 'hp', 'MINI', 'confirmdeny', 'uworld', 'onlydon', 'TOME', 'norm', 'Body', 'ashleys', 'vargu', 'DETAILS', 'nora', 'bestrply', 'unhappy', '8Lovable', 'Sankranti', 'Derp', 'storelike', 'importantly', 'signal', 'peoples', 'hairdressers', 'sfirst', 'coughing', 'fridge', 'Looking', 'hearing', 'MELNITE', 'rates', 'Student', 'sculpture', 'itc', 'settings', 'lion', 'FIGHTS', 'ortxt', 'Dhoni', 'oscar', 'l8tr', 'saves', 'tomorrowtoday', 'gut', 'imaginationMy', 'moseley', 'Shivratri', 'silly', 'hills', 'pendingi', 'notebook', 'prescribed', 'cstore', 'GRAN', 'gauge', 'selflessness', '96', 'siguviri', 'clash', 'DOWNON', 'Kanagu', 'decking', 'properly', 'entirely', 'nonetheless', 'qi', 'Brief', 'wenever', 'STOP', 'dental', 'BELIEVE', 'itâ', 'Emotion', 'pleasured', 'writhing', 'PAY', 'capital', 'Grumpy', 'teams', 'sneham', 'supose', 'Ron', 'tmw', 'thepub', 'itÂ', 'burn', 'coach', 'merely', 'Bye', '650', 'Noble', 'qbank', 'swann', 'cumming', 'grab', 'divorce', 'Amrita', 'gray', 'spin', 'Slowly', 'agalla', 'dismay', 'imposter', 'frndZ', 'Tmrw', '2bold', 'cheers', 'ArPraveesh', 'virgin', 'Open', 'itor', 'coco', 'SOMETHIN', 'require', 'candont', 'bollox', 'completes', 'BABYHOPE', 'earning', 'LeafDayNo', 'Canada', 'Uni', 'Piggy', 'sporadically', 'Dependable', '95pax', 'novelty', 'attended', 'hospitals', 'Syria', 'STILL', 'telugu', 'kissing', 'gong', 'toldshe', 'phrase', 'WORRYC', 'bridgwater', 'uneventful', '4WARD', 'Prasanth', 'Orchard', 'YEST', 'feed', 'Nights', 'porridge', 'ALETTER', 'BOUT', 'liaoToo', 'Unlimited', 'dealer', 'Appt', 'Apps', 'Turns', 'GR8FUN', 'vasai', 'mnth', 'timeyou', 'BYATCH', 'MoralDont', 'lmao', 'Ahhhhjust', 'Evening', 'thangamits', 'Shant', 'awkward', 'elama', 'SAD', 'vitamin', 'swimsuit', 'brisk', 'tirunelvai', 'drinkpa', 'disc', 'messagepandy', 'pocy', 'Dasara', 'meals', 'lager', '4w', '4u', 'Compliments', 'Follow', 'ralphs', 'Prabu', 'Pansy', 'Ic', 'perfume', 'Pie', 'Sen', 'supports', 'ogunrinde', 'careumma', '645', 'atten', 'received', 'twins', 'Kyou', '48', 'answr', '46', 'SLEEPING', 'bash', 'bawling', 'sayin', 'Gosh', 'sonot', 'womdarfull', 'advising', 'HUNLOVE', 'SEENO', 'L8TR', 'pehle', 'pai', 'stands', 'tiwary', 'virgils', 'battle', 'HELL', 'officewhats', 'ponnungale', 'headstart', 'Teacher', 'natwest', 'sunoco', 'Spain', 'wildlife', 'fellow', 'Yoyyooo', 'Ctter', 'kalainar', 'christmassy', 'that2worzels', 'announced', 'AGAINST', 'errors', 'kalisidare', 'secondary', 'HAVENTCN', 'oga', '8hr', 'toothpaste', 'Motherinlaw', 'nurses', 'shake', 'praises', 'oursso', 'TAJ', 'lips', 'mumbai', 'notixiquating', 'required', 'samus', 'lipo', 'pretend', 'hide', 'WHICH', 'entertain', '4give', 'weds', 'Whatever', 'dayhas', 'hudgi', 'WOMEN', 'seing', 'godYou', 'doctors', 'opportunitypls', 'Tiwary', 'fundamentals', 'feelingwavering', 'detailed', 'appropriate', 'throwing', 'Declare', 'spirit', 'toking', 'equally', 'cantdo', 'mia', 'evei', 'spoon', 'entropication', 'disappeared', 'Concentrate', 'Zahers', 'Yeesh', 'Dirty', 'Evn', 'Wherres', 'WENWECAN', 'coimbatore', 'Valuable', 'headâ', 'wthout', 'Exorcism', 'Sagamu', 'REMEMBER', 'hunt', 'gossip', 'publish', 'Everybody', 'latelyxxx', 'apologetic', '6Ramaduth', 'financial', 'petrol', 'tts', 'Red', 'todayGood', 'starti', 'priority', 'accumulation', 'kanowhr', 'reunion', 'tue', 'fishrman', 'flute', 'chile', 'STAPATI', 'scenery', 'ARR', 'opened', 'batt', 'canlove', 'opener', 'Mystery', 'hmm', 'GOING', 'SATSOUNDÂ', 'hme', 'sd', 'greatbye', 'STUDY', 'Predicte', 'puppy', 'changing', 'cheyyamoand', 'HehE', 'ccna', 'sucker', 'SLEPT', 'expiredso', 'doinat', 'pesky', 'biatch', 'cons', 'rr', 'Surely', 'SOONLOTS', 'chess', 'deyi', '9funny', 'URGOIN', 'newsBy', 'pride', 'galcan', 'eerulli', 'level', 'hostile', 'naseeb', 'hesitation', 'Ladies', 'NYTHO', 'Darling', 'sorts', 'anand', 'Remind', 'spontaneously', 'Discussed', 'anderson', 'Siva', 'FFFFUUUUUUU', 'stars', 'admission', 'SELFINDEPENDENCE', 'barrel', 'excused', 'boughtÂ', 'chikkusimple', 'bids', 'lamp', 'SENT', 'DOESDISCOUNTSHITINNIT', 'beverage', 'missionary', 'Waste', 'function', 'taxt', 'souveniers', 'korli', 'iti', 'donyt', 'reaction', 'Bani', 'Bank', 'FUDGE', 'reserves', 'totes', 'VIVEKANAND', 'known', 'tons', 'someonethat', 'Moon', 'dearRakhesh', 'copied', 'steak', 'kisi', 'Teach', 'repairs', 'wrongly', 'GAS', 'BEFORE', 'award', 'IMIN', 'ctla', 'cya', 'Water', 'north', 'mango', 'Tata', 'onwords', 'tongued', 'smiled', 'EVER', 'dramatic', 'ANAL', 'tiempo', 'outfor', 'zealand', 'GIVEN', 'kothi', 'Insha', 'tol', 'Nokia', 'Wewa', 'remet', 'Crab', 'SI', 'herwill', 'belong', 'secure', 'SOO', 'divert', 'swell', 'ringing', 'Luxury', 'envy', 'DEF', 'DOES', 'parish', 'SOZ', 'DEL', 'arab', 'WEREBORED', 'Hogolo', 'lap', 'THOSE', 'Theoretically', 'dao', 'ELLO', 'BTW', 'titleso', 'board', 'lac', 'Until', 'BTHERE', 'problemi', 'safely', 'bian', 'worc', 'Sympathetic', 'TRUBLE', 'revision', 'Ssindia', 'dull', 'magic', 'frontierville', 'S8', 'Apart', 'YRS', 'ISNT', 'JOBYET', 'dimension', 'angels', 'bang', 'sky', 'kickboxing', '6romantic', 'parchi', 'Cancel', 'againloving', 'fassyole', 'alter', 'chikkuwat', 'Weiyi', 'Except', 'deadWell', 'Celebrated', 'DearMe', 'toleratbcs', 'firesAre', 'fineInshah', 'fumbling', 'apes', 'PLEASSSSSSSEEEEEE', 'Drink', 'Joking', 'person2die', 'cupboard', 'CUM', 'barolla', 'calldrove', 'baskets', 'Feels', 'someones', 'differ', 'twat', 'projects', 'rounds', 'accounting', 'X2', 'Mwahs', 'CougarPen', 'gibbs', 'everyones', 'shrink', 'Po', 'Pl', 'kalstiyathen', 'qet', 'daurgent', 'opponenter', '850', 'maraikara', 'jaykwon', 'jelly', 'Michael', 'GOODTIMEOLI', 'nalli', 'zoom', 'offdam', 'appendix', 'shopthe', 'hourish', 'alian', 'stalk', 'studyn', 'kanji', '330', 'TERMINATEDWE', 'monthnot', 'Toledo', 'loosing', 'Says', 'go2sri', 'genus', 'Kkthis', 'nauseous', 'SirSalam', 'kittum', 'Avenge', 'ettans', 'gOoD', 'DEFO', 'jog', 'mys', 'Unni', 'babysitting', 'Atleast', 'jot', 'attitude', 'Hii', 'givits', 'outages', 'txtjourney', 'greatly', 'reppurcussions', 'wth', 'includes', 'bakra', 'AMY', 'suggestion', 'Uhhhhrmm', 'tops', 'Pity', 'sumthin', 'fear', 'spotty', 'rec', 'CIN', 'answerin', 'breathing', 'exist', 'East', 'Find', 'photoshop', 'homeleft', 'hearin', 'reminding', 'reformat', 'DREAMZ', 'Nutter', 'Premaricakindly', 'relocate', 'outfit', 'Dvd', 'ertini', 'tiring', 'Driver', 'Play', 'code', 'malarky', '8pm', 'fiting', '3miles', 'Takecare', 'vibrate', 'THANX4', 'bars', 'wesley', 'machines', 'diddy', 'evaluation', 'morningtake', 'bari', 'invest', 'dreamlove', 'corect', 'register', 'consider', 'arnt', 'achanammaRakheshQatar', 'REVISION', 'Yummy', 'pile', 'marking', 'tmrw', 'nammanna', 'whens', 'dawhere', 'mummys', 'brainy', 'AGO', '730ish', 'jackson', 'brains', 'Obviously', 'alritehave', 'lined', 'bone', 'hopeSo', 'reminds', 'Guys', 'GOSSIP', 'screwd', 'definitly', 'Sez', 'fps', 'playng', 'tigress', 'lines', 'payasam', 'skirt', 'spageddies', 'SEND', 'gooD', 'danalla', 'Lmaonice', 'Joke', 'emigrated', 'keypad', 'blackand', 'wasnÂ', 'Junna', 'lanka', 'CHA', 'CALLED', 'TAMPA', 'UCALL', 'wasnâ', 'Pest', 'borin', 'couldnÂ', 'HU', '4got', 'Mathews', 'dirt', 'University', 'Xavier', 'faithEvening', 'HM', 'Lessons', 'nusstu', 'Ball', 'Splat', 'Moms', 'Abeg', 'palm', 'charles', 'narcotics', 'poorly', 'collapsed', 'Package', 'dudes', 'Tunji', 'FUCKINNICESELFISHDEVIOUSBITCHANYWAYIÂ', 'Erutupalam', 'SHITIN', 'mindi', 'scenario', 'Prey', 'misss', 'afghanistan', 'ghodbandar', 'Prem', 'valentines', 'LATER', 'leftovers', 'offense', 'INVITED', 'applying', 'Kkgoodstudy', 'Kall', 'arrival', 'londn', 'Sunscreen', 'toaday', 'YEAHAND', 'BOATIN', 'DABOOKS', 'dane', 'goodwhen', 'tomorrowcall', 'weaknesses', 'responsibilities', 'hypotheticalhuagauahahuagahyuhagga', 'sOOn', 'liver', 'individual', 'stitch', 'disastrous', 'animal', 'POOR', 'convincing', 'Forever', 'Sos', 'situations', 'sufficient', 'padhegm', 'panicks', 'supreme', 'sry', 'poking', 'srs', 'mapquest', 'arty', 'processnetworking', 'Kgive', 'thkin', 'helpful', 'himself', 'Noooooooo', 'Noits', 'Catching', 'theyll', 'FIRST', 'complacent', 'groundamla', 'playi', 'WOULD', '2wks', 'goal', 'hershe', 'flurries', 'Safe', 'edukkukayee', 'mega', 'cloth', 'unique', 'ILLSPEAK', 'thrown', 'GAIL', 'Wif', 'Salad', 'newspapers', 'membershiptake', 'ahthe', 'youwhen', 'casing', 'massages', 'missunderstding', 'throws', 'deartake', 'served', 'ola', 'Msgs', 'ana', 'somewhat', 'server', 'HAVENT', 'GETTIN', 'soso', 'wrecked', 'Thinking', 'giv', 'njan', 'tall', 'SWAN', 'Regards', 'salespee', 'sian', 'COMPETITION', 'involved', 'lifting', 'Gopalettan', 'mths', 'priceso', 'pookie', 'catches', 'VIOLENCE', 'wahay', 'callon', 'handsome', 'flyim', 'oficegot', 'uk', 'pulling', 'soladha', 'aging', 'syd', 'gua', 'tactless', 'anythings', 'processits', 'Next', 'ahgee', 'holy', 'TOWNCUD', 'lifeand', 'WIV', 'WOULDNT', 'watll', 'disasters', '2years', 'funs', 'Wuld', 'Organizer', 'Cali', 'cheery', 'wasting', 'kwish', 'RV', 'CHEER', 'revealing', 'busetop', 'Remembr', 'mylife', 'IDPS', 'Meat', 'TASTS', 'THAN', 'doingWhat', 'apart', 'speling', 'ifwhenhow', '9decent', 'impression', 'gibe', 'wifes', 'goodno', 'FOREVER', 'brats', 'naal', 'miltaZindgi', 'nosy', 'jacuzzi', 'Early', 'HRS', 'Superb', 'gymnastics', 'fats', 'creative', 'U2MORO', 'firefox', 'nowadayslot', 'DOCKS', 'listed', 'maaaan', 'Mathe', 'canada', 'attributed', 'nursery', 'impressed', 'happiest', 'cartons', 'NO1', 'opposed', 'owned', 'nightsWe', 'uscedu', 'muchimpede', 'lies', 'shadow', 'weasels', 'convenience', 'symbol', 'fml', 'visa', 'paining', 'rearrange', 'OUTL8RJUST', 'sumfing', '16', 'NETHING', 'Litres', 'firmware', '4ui', 'PAUL', 'secrets', 'Toa', 'Traffic', '2yrs', 'FUCKED', 'UAWAKEFEELLIKW', 'INK', 'rushing', 'HAVIN', 'causes', 'THING', 'yalrigu', 'othrs', 'applyed', 'Sian', 'spreadsheet', 'quizzes', 'dot', 'wherebtw', 'Stuff', 'Therell', 'Heroi', 'lotto', 'cheesy', 'lil', 'lim', 'Resend', 'ambitious', 'rhode', 'lit', 'Twiggs', 'turkeys', 'showroomscity', 'arestaurant', 'timehope', 'thinghow', 'deposit', 'harri', 'FRIENDS', 'dehydrated', 'THANKS', 'Normally', 'mentor', 'Kkapo', 'necesity', 'Yellow', 'theregoodnight', 'cardiff', 'ahold', 'suitemates', 'canceled', 'abelu', 'harder', 'IJUST', 'Gudni8', 'appeal', 'aroundn', 'claire', 'FUNNY', 'busyi', 'mcr', 'jungle', 'netflix', 'chikkuali', 'uncountable', 'convince', 'fuelled', 'Squeeeeeze', 'SEEMED', 'NICHOLS', 'Idea', 'Sherawat', 'NRI', 'salt', 'Xx', 'TALKBUT', 'nearby', 'coupla', 'chiong', 'canÂ', 'hundreds', '7pm', 'treacle', 'treatin', 'Remembered', 'thati', 'crowd', 'Z', '7oz', 'heartsnot', 'Ranju', 'treasure', 'shouldnâ', 'crickiting', 'kip', 'hlday', 'crossing', 'dreamstake', 'nig', 'kim', 'Nationwide', 'archive', 'fly', 'thoughtsI', 'strangersaw', 'edwards', 'Bristol', 'FANCY', 'fatty', 'Jon', 'problum', 'casualty', 'AIG', 'lacking', 'Imprtant', 'needle', 'africa', 'Acnt', 'PROBTHAT', 'blokes', 'Jos', 'hesitant', 'Holy', 'timeYour', '2MOROW', 'HAV', 'availablethey', 'doesnÂ', 'jules', 'jabo', 'Afternoon', 'infra', 'dr', 'flow', 'Consider', 'sees', 'CATCH', 'nearer', 'dl', 'unfortunately', 'positive', 'WHITE', 'GURL', 'chillaxin', 'roger', 'Woo', 'forms', 'mutai', 'raiden', 'Hellodrivby0quit', 'opportunityall', 'further', 'GOSSx', 'slap', 'rows', 'ammaelife', 'hopeful', 'loko', 'Lolnice', '1stone', 'STATION', 'soul', 'Nojst', 'Eckankar', 'famamus', 'Tyler', 'overdid', 'howre', 'gon', 'goa', 'Brdget', 'formsdon', 'Whenre', 'FINE', 'BABEPROBPOP', 'lorgoin', 'IwasmarinethatÂ', 'ER', 'getiing', 'stressfull', 'rugby', 'Nottingham', 'stage', 'craving', 'brolly', 'Indeed', 'TaDaaaaa', 'nuclear', 'bedbut', 'categories', 'JULY', 'eviction', 'canâ', 'bthmm', 'gimme', 'SaLL', 'valuing', 'mumHas', 'South', 'notes', 'subtoitles', 'adventuring', 'looovvve', 'hiding', 'pataistha', 'Woke', 'Em', 'Wipe', 'webadres', 'radiator', 'headin', 'Usmle', 'Petey', 'ITXT', 'Tsunamis', 'chic', 'Yupz', 'oral', 'Detroit', 'Everyday', 'wall', 'resolved', 'TELLMISS', 'Waves', 'gravy', 'reservations', 'helens', 'caveboy', 'chez', 'imposed', 'chex', 'Shakespeare', 'Cine', 'Esplanade', 'kill', 'virtual', 'Frankie', 'kfc', 'jumpers', 'impress', 'Playin', 'steal', 'aust', 'Stylist', 'puzzles', 'establish', 'Mode', 'nose', 'atHome', 'surrender', 'miiiiiiissssssssss', 'taxes', 'Normal', 'switch', 'elephant', 'ItÂ', 'yi', 'Dare', 'bedrm900', 'philosophical', 'perhaps', 'specify', 'stagwood', 'Tmorrowpls', 'SAW', 'CANT', 'Soup', 'venugopal', 'beers', 'gobi', 'tosend', 'data', 'Soul', 'isLOVE', 'intention', 'interviews', 'leafcutter', 'Usf', 'zhong', 'timeslil', 'braved', 'lst', 'payed', 'talents', 'owl', 'owo', 'WHASSUP', 'owe', 'Urgh', 'elaya', 'Bam', 'official', 'lateso', 'benefits', 'flirting', 'TEXD', 'ammo', 'OFSI', 'films', 'Reflection', 'Ese', 'taxless', 'gate', 'ishtamayoohappy', 'aid', 'laden', 'tendencies', 'Lara', 'needing', 'MORROW', '4o', 'meRemove', 'exposes', 'realizes', 'THASA', 'digi', 'visitors', 'conference', 'strain', 'EACHOTHER', 'biggest', 'brilliantly', 'CULDNT', 'whillTake', 'Per', 'unhappiness', 'juliana', 'Sim', 'requires', 'Election', 'Sif', 'worthless', '2morrowxxxx', 'southern', 'painit', 'navigate', 'suply', 'EAT', 'Cttargg', 'suffer', 'figuring', 'Wahleykkumsharing', 'mee', 'med', 'evil', 'INSTEAD', 'jap', 'turned', 'HOWU', 'BIRD', 'oath', 'HeyGreat', 'permission', 'meI', 'Biro', 'bot', 'allow', 'lowes', '1Hanuman', 'anyways', 'Thanku', 'ee', 'jack', 'Hitechnical', 'necessity', 'en', 'doinnearly', 'wrote', 'developed', 'Plsi', 'islands', 'cloud', 'ey', 'honesty', 'accomodations', 'ax', 'Set', 'renting', 'grandmas', 'sometme', 'lifeyou', 'outs', 'Jason', 'flippin', 'HOWDY', 'Saeed', 'amnow', 'MAHAL', 'participate', 'uploads', 'daysÃ', 'evry1', 'reserve', 'consensus', 'pract', 'Oooooh', 'Velly', 'recharge', 'fne', 'units', 'religiously', 'steve', 'slippery', 'sacked', 'obey', 'IDIOT', 'supportproviding', 'unrecognized', 'destiny', 'worldmay', 'DOGBREATH', 'james', 'Spose', 'ramen', 'TaKe', 'nannys', 'tranquility', 'staff', 'Test', 'JANX', 'drops', 'meaningless', 'olowoyey', 'springs', 'algebra', 'possessiveness', 'Baaaaabe', 'summer', 'calm', 'ugos', 'tantrums', 'emerging', 'upping', 'WTF', 'Balls', 'emergency', 'happier', 'ollubut', 'surya', 'Dearregret', 'soonxxx', 'cornwall', 'YEARS', 'Ups', 'murali', 'vijaykanth', 'percent', 'pendent', 'stations', 'Welp', 'WHERE', 'Hostbased', 'weddin', 'uploaded', 'predict', 'keen', 'isComing', 'employers', 'Ku', 'nevamindWe', 'SirjiI', 'greatness', 'Bishan', 'warming', 'Ctagg', 'dined', 'aptitude', 'ITBOTH', 'popping', 'hillsborough', 'beauty', 'PROPERLY', 'Astronomer', 'regretted', 'beta', 'hooch', 'crashing', 'Blacko', 'NITW', 'recreation', 'greece', 'costume', 'faded', '1405', 'wudnt', 'tsunamis', 'ennal', 'rimac', 'Eleven', 'hubby', 'nte', 'NEEDS', 'differbe', 'warner', 'stoners', 'sized', 'ACTUALLY', 'deer', 'ESPECIALLY', 'zyada', 'warned', 'kaypoh', 'hisher', 'jaklin', 'hopes', 'Ache', '4GET', 'panties', 'limping', '2morow', 'armenia', 'dayexcept', 'tensed', 'stable', 'AD', 'invoices', 'apology', 'USED', 'DAS', 'WeLL', 'pretsovru', 'HAVING', 'finalise', 'Cutter', 'Hanging', 'visitneed', 'veggie', 'Tired', 'glorious', 'Bless', 'Ull', 'hesitate', 'optimistic', 'Ultimately', 'thx', 'hollalater', 'Pandy', 'Hands', 'perspective', 'skyving', 'runninglets', 'insects', 'labor', 'eggpotato', 'jeetey', 'garments', 'melody', 'bribe', 'Diseases', 'spice', 'weightHaha', 'justbeen', 'hussey', 'sochte', 'stuffwhy', 'yetunde', 'affidavit', 'eta', 'HON', '863', 'antibiotic', 'Kkany', 'investigate', 'IMF', 'Caught', '1pm', 'Qatar', 'heat', 'splendid', 'appointments', 'cliff', 'homeBut', 'matric', 'hut', 'processExcellent', 'IKNOW', 'plumbingremixed', 'avalarr', 'ROOM', 'belt', 'hum', 'Webpage', 'OUTSOMEWHERE', 'sariyag', 'Everytime', 'Girls', 'anjie', 'restrict', 'semi', 'explicitly', 'Hogli', '8830', 'nightnobody', 'city', 'kits', 'FIZZ', 'nigpun', 'chikkuDB', 'feng', 'Craigslist', 'tix', 'willpower', 'Shifad', 'settling', 'tooLets', 'sliding', 'joys', 'ADRINK', 'ft', 'ardÃ', 'nelson', 'nightswt', 'forgt', '2MWEN', 'TOWNDONTMATTER', 'maintaining', 'wad', 'comprehensive', 'Iraq', 'mahal', 'erything', 'describe', 'ITNOW', 'didnÂ', 'panren', 'Care', 'Wun', 'Thankyou', 'TONITE', 'msgsometext', 'behalf', 'doublefaggot', 'somtimes', 'albi', 'trends', 'arrive', 'bilo', 'attach', 'attack', 'Thout', 'traveling', 'Sno', 'EXAMS', 'Waqt', 'Snd', 'dual', 'MALL', 'Bennys', 'snatch', 'block', 'GOWER', 'paru', 'western', 'hugging', '415', 'fated', 'belovd', 'swollen', 'ritten', 'STORES', 'tease', 'madthen', 'comei', 'Till', 'MESSED', 'annie', 'Headin', 'detailsi', 'PeteynoiÂ', 'FLOWER', 'blog', 'submitting', 'outreach', 'blow', 'hockey', 'Jolly', 'amk', 'bbs', 'soiree', 'finding', 'ANYTHING', 'meso', 'offered', 'placed', 'HATES', 'kochi', 'INTO', 'dagood', 'timi', 'macleran', 'rencontre', 'cooped', 'myparents', 'Hell', 'conditionand', 'Shesil', 'Eternal', 'coldheard', 'adult', 'stated', 'commit', 'ShopWe', 'items', '5wkg', 'lying', 'contribute', 'earliest', 'Spiral', '645pm', 'retard', 'julianaland', 'annoyin', 'Exactly', 'Holding', 'lehHaha', 'fit', 'chords', 'Dont4get2text', 'reapply', 'Bits', 'Perhaps', 'irulinae', 'Texting', 'vai', 'thanks2', '180', 'Bite', 'Habit', 'greeting', '2geva', 'Nver', 'non', 'gek1510', 'inshah', 'muchand', 'Fffff', 'tonitebusy', 'paracetamol', 'nor', 'korean', '515', 'Know', 'dose', 'LAY', 'uOthrwise', 'ANTELOPE', 'auctionpunj', 'printing', 'director', 'nordstrom', 'GONNAMISSU', 'inde', 'instructions', 'onlinewhy', 'Park', 'manky', 'witout', 'Woohoo', 'Goodmorningmy', 'noisy', 'brownies', 'tke', 'Suganya', 'patent', 'noise', 'individualtime', 'lunchyou', 'nails', 'province', 'vodka', 'vehicle', 'Athletic', 'netno', 'recharged', 'uup', 'mostly', 'reassuring', 'republic', 'SATJUST', 'Kkits', 'alternativehope', 'hermy', '2B', 'beads', '2I', 'asa', 'capacity', 'comingdown', 'UPNOT', 'FIND', 'SENDS', 'clarify', 'entire', 'cards', 'luck2', 'stink', 'evey', 'wereare', 'weirdy', 'uSo', 'limit', 'Hmmmbut', 'weirdo', 'above', 'syrup', 'GOODEVENING', 'obedient', 'choices', 'Loooooool', 'MARRIED', 'waheeda', 'NONENOWHERE', 'sensible', 'aretaking', 'bakrid', 'truekDo', 'ors', 'brief', 'sweater', 'neglet', 'canteen', 'diwali', 'ore', 'weeddeficient', 'Kkare', 'Psychologist', 'elaborate', 'shindig', '3DB', 'hilariousalso', '730pm', 'ASUSUAL1', 'court', 'blanket', 'acid', 'nicky', 'wld', 'argentina', 'uniform', 'blanked', 'checkup', 'GREAT', 'related', 'occupied', 'careinsha', 'problemfree', 'DD', 'DE', 'INDIA', 'laxinorficated', 'HOPEU', 'watevr', 'Dr', 'tiny', '26th', 'HARDEST', 'WOTU', 'darker', 'ST', 'De', 'blimey', 'Peteis', 'moneyi', 'CAKE', 'PUTTIN', 'teju', 'Penny', 'sth', 'Gam', 'captaining', 'tohar', 'browsin', 'sophas', 'walkabout', 'fixd', 'habbahw', 'ashwini', 'suggestions', 'sts', '3days', 'CONCERNED', 'Ummmawill', 'goodmate', 'thatdont', 'Kinda', 'URGRAN', 'conclusion', 'Sort', 'Affectionate', 'fuckin', 'corporation', 'champ', 'Pinku', 'rofl', 'ing', 'lennon', '8Attractive', 'esaplanade', 'skye', 'thatd', 'varaya', 'DIRTY', 'outif', 'clue', 'club', 'dungerees', 'Ryder', 'WKEND', 'powerful', 'shaved', 'theory', 'slacking', 'creativity', 'products', 'immunisation', 'spark', 'beach', 'youdearwith', 'comingtmorow', 'worldgnun', 'ali', 'yettys', 'squatting', 'gays', 'lodging', '532', 'ondu', 'staffsciencenusedusgphyhcmkteachingpc1323', 'gayD', 'path', 'Head', 'lotr', 'JJC', 'neededSalary', '5ful', 'YOURJOB', 'mtnl', 'Home', 'refreshed', 'Broadband', 'Serious', 'troubleshooting', 'tues', 'sq825', 'rayan', 'WRONGTAKE', 'massagetiepos', 'websitenow', 'caller', 'audiitions', 'misundrstud', '255', 'profit', 'scarcasim', 'MISTAKEU', 'planet', 'nachos', 'nange', 'STRIKE', 'betta', '5Terror', 'humans', 'fixes', 'slob', 'positions', 'fourth', 'westonzoyland', 'Mileage', 'ithink', 'Onam', 'particularly', 'QUITE', 'alibi', 'registration', 'sway', 'florida', 'HOSPITAL', 'Dizzamn', 'drama', 'approaching', 'mountain', 'justify', 'roller', 'SHAME', 'algorithms', 'hurricanes', 'breaking', 'rolled', 'rsi', 'todaydo', 'EY', 'problematic', 'Ee', 'housing', 'ryans', 'GOTTA', 'LEKDOG', 'Foned', 'Spoons', 'Ew', 'prominent', 'TROUBLE', 'Crying', 'reality', 'alrightOkay', 'Yesim', 'Egbon', 'WHILE', 'opposite', 'bcaz', 'approx', 'waves', 'Sbut', 'Lies', 'captain', 'ethnicity', 'ratio', 'snowball', '24th', 'Real', 'throwin', 'crisis', 'curtsey', 'built', 'Evenings', 'Speaking', 'Grazed', 'brotherâ', 'ingredients', 'hiya', 'LOTS', 'stubborn', '2godid', 'occurs', 'gold', 'Dave', 'degree', 'bookshelf', 'Twelve', 'seperatedéˆ', 'satsgettin', 'nino', 'prepare', 'lesser', 'dabbles', 'restock', 'miwa', 'LOT', 'LOU', 'kodstini', 'ericson', 'entey', 'EVERYTHIN', 'FREE', 'smarter', 'reltnship', 'bullshit', 'Printer', 'SIR', 'gloucesterroad', 'goigng', 'SHUDVETOLD', 'stereo', 'claypot', 'tip', 'Bec', 'Nohe', 'tiz', 'resort', 'bike', 'ninish', 'STARS', 'ams', 'amx', 'maggi', 'dub', 'isare', 'PX3748', 'duo', 'broth', 'Full', 'fainting', 'youany', 'Sms', '6ish', 'telephone', 'Face', 'informedRgdsRakheshKerala', 'Smith', 'raglan', 'tookplace', 'funky', 'kgood', 'nudist', 'HUNNYWOT', 'offers', 'argh', '3230', 'reacting', 'sum', 'Being', 'sux', 'Nic', 'DRUNK', 'max', 'onlybettr', 'map', 'outrageous', 'butting', 'victoria', 'marandratha', 'strewn', 'HMM', 'Loveable', 'sane', 'perform', 'Shoul', 'Langport', 'cultures', 'kaaj', 'bcz', 'aphexÂ', 'Price', 'bck', 'rough', 'wadebridgeI', 'drugdealer', 'Santha', 'cozy', 'officer', 'Neither', 'Shah', 'barred', 'lorWe', 'thirunelvali', 'upcharge', 'Affectionsamp', '63miles', 'Wtf', 'grief', 'Mittelschmertz']"
0.010349079592495817,['me']
0.00044038636563811985,"['waiting', 'oh', 'bed', 'pay', 'kiss', 'hour', 'Love', 'They', 'R', 'heart']"
0.0012330818237867355,"['has', 'amp']"
0.0009835295499251344,"['wat', 'meet']"
0.003214820469158275,['like']
0.0028331522856052376,['just']
0.0007192977305422625,"['wait', 'message', 'could', '1', 'things']"
0.001042247732010217,"['e', 'Hi']"
0.002157893191626787,['Ok']
8.807727312762397e-05,"['GOODMORNING', 'theatre', 'remove', 'etc', 'menu', 'situation', 'marriage', 'Later', 'advance', 'however', 'Don', 'WOT', 'mistake', 'definitely', 'each', 'Mark', 'scream', 'holla', 'gap', 'xy', 'cine', 'OUT', 'Howz', 'model', 'To', 'eh', 'eatin', 'relax', 'slept', 'lift', 'murder', 'track', 'sounds', 'works', 'tat', 'wer', 'power', 'holding', 'Beautiful', 'yahoo', 'Sure', 'Hiya', 'system', 'Sweet', 'return', 'weeks', 'GOT', 'gives', 'youve', 'short', 'version', 'wnt', 'youd', 'posted', 'Waiting', 'coffee', 'problems', 'group', 'Police', 'lemme', 'screaming', 'naughty', 'bugis', 'internet', 'Bday', 'mo', 'price', 'lady', 'fetch', 'waste', 'askin', 'idea', 'parents', 'bedroom', 'gettin', 'lets', 'page', 'N', 'instead', 'ticket', 'From', 'Say', 'luck', 'role', 'within', 'none', 'especially', 'questions', 'ended', 'Want', 'Time', 'facebook', 'marry', 'keeping', 'Christmas', 'barely', 'NEED', 'plenty', 'DARLIN', 'Eh', 'SMS', 'wun', 'NEW', 'hurts', 'fault', 'Check', 'pussy', 'rs', 'expensive', 'paid', 'top', 'girlfrnd', 'unless', 'Msg', 'His', 'weather', 'GOD', 'checked', 'ate', 'ans', 'evng', 'P', 'OH', 'NOW', 'sunny', 'fight', 'WANT', 'campus', 'omw', 'fixed', 'character', 'near', 'teasing', 'cheap', 'Aiyo', 'wherever', 'Carlos', 'sign', 'BIRTHDAY', 'fat', 'fingers', 'Guess', 'save', 'met', 'jay', 'Ahmad', 'nxt', 'msgs', 'Aiyah', 'lovable', 'budget', 'India', 'mr', 'Thought', 'fb', 'meaning', 'fullonsmscom', 'Said', 'Keep', 'pics', 'directly', '4th', 'changed', 'convey', 'Juz', 'yijue', 'num', 'Melle', '8th', 'wats']"
0.00199641819089281,"['No', 'But']"
0.001688147734946126,['as']
0.0005284636387657438,"['Thanks', 'Will', 'In', 'than']"
0.002818472740083967,"['was', 'this']"
0.007413170488241684,['of']
0.0007926954581486157,"['let', 'Not', 'us', 'sleep', 'place', 'free', 'went']"
0.0007339772760635331,"['over', 'Happy', 'Did', 'coming', 'who', 'leave']"
0.0007780159126273451,"['sent', 'off', 'told', 'He', 'wan', 'late']"
0.0014973136431696075,['much']
0.00020551363729778927,"['sleeping', 'drink', 'needs', 'okay', 'far', 'snow', 'whole', 'post', 'fast', 'After', 'meant', 'live', 'Should', 'answer', 'calling', 'isnt', 'Let', 'brother', 'sister', 'course', 'New', 'busy', 'easy', 'touch', 'mu', 'telling', 'Shes', 'alone', 'question', 'project', 'Sir']"
0.004418543201902469,['Im']
0.01087754323126156,['and']
0.0010569272775314876,['really']
0.0014826340976483367,"['My', 'What', 'r']"
0.004741493203370424,['are']
0.0008367340947124277,"['care', 'again', 'gonna', 'before', 'Lol']"
0.0004257068201168492,"['Aight', 'leh', 'into', 'shit', 'two', 'quite']"
0.004183670473562139,['so']
0.0005431431842870145,"['long', 'dat', 'wish', 'That', 'being', 'finish']"
0.0005871818208508264,"['meeting', 'This', 'having', 'thought', 'sorry', 'thk', 'fine', 'Where']"
0.0003376295469892252,"['THE', 'Hows', 'boy', 'sat', 'lei', 'AT', 'Am', 'else', 'min', 'k', 'ltDECIMALgt', 'bring', 'while', 'run', 'YOU', 'guy', 'evening', 'oso', 'den']"
0.007648043216582015,['it']
0.0007633363671060744,"['also', 'our', 'money', 'Ãœ', 'down']"
0.005343354569742521,['on']
0.0011156454596165702,"['tomorrow', 'Oh']"
0.0017028272804673968,"['only', 'ok', 'think', 'see']"
0.0012037227327441943,['doing']
0.0026569977393499896,['am']
0.004139631836998327,['but']
0.00510848184140219,['not']
0.0049763659317107545,['at']
0.003757963653445289,['now']
0.0020257772819353512,"['How', 'love']"
0.0011743636417016529,"['great', 'been']"
0.0011303250051378408,['well']
0.00013211590969143595,"['Colleagues', 'UR', 'carlos', 'itself', 'texts', 'Awesome', 'disturb', 'Does', 'girls', 'support', 'months', 'gal', 'ARE', 'loads', 'copy', 'frens', 'ITS', 'die', 'promise', 'reading', 'Really', 'Man', 'Dun', 'seems', 'bday', 'saturday', 'buying', 'thank', 'thanx', 'comin', 'crazy', 'Den', 'charge', 'Coz', 'rest', 'Ha', 'mrt', 'AND', 'Ard', 'wife', 'Reply', 'lazy', 'song', 'reaching', 'Day', 'Get', 'uncle', 'Hmm', 'messages', 'asking', 'train', 'hoping', 'G', 'Xmas', 'myself', 'sick', 'decide', 'Same', 'sort', 'fact', 'ten', 'meh', 'sending', 'Who', 'tht', 'lect', 'worried', 'worries', 'huh', 'Very', 'DO', 'Parents', 'Once', 'HAPPY', 'water']"
0.0025836000117436366,"['day', 'its']"
0.0017175068259886674,"['So', 'Ã¼']"
0.0005578227298082851,"['same', 'lar']"
0.004682775021285341,['be']
0.0013064795513930889,"['work', 'Just']"
0.0006312204574146384,"['few', 'c', 'class', 'Yup', 'job']"
0.0003523090925104959,"['weekend', 'means', 'hair', 'MY', 'minutes', 'those', 'Got', 'thanks', 'Why', 'put', 'y', 'office', 'times', 'tmr', 'Tell', 'once', 'reach', 'mail', 'may']"
0.002466163647573471,['there']
0.0006459000029359091,"['Haha', 'getting', 'why', 'Thats', '3', 'Hope', 'When']"
5.8718182085082644e-05,"['IVE', 'vote', 'wonders', 'Grl', 'kisses', 'midnight', 'KATE', 'Kidz', 'Darren', '630', 'Tmr', 'BLOODSend', 'rooms', 'ignore', 'worth', 'Lmao', 'english', 'Forgot', 'abi', 'Txt', 'files', 'gals', '5th', 'vry', 'Could', 'Wah', 'Over', 'network', 'pages', '2day', 'boss', 'cup', 'govtinstituitions', 'series', 'wk', 'nw', 'closer', 'Stylish', 'January', 'GODI', 'favour', 'balance', 'kallis', 'answers', 'joined', 'Quite', '730', 'deliver', 'izzit', 'Nobody', 'ALRITE', 'FRIEND', 'result', '7th', 'celebrate', 'wishing', '6hrs', 'Reading', 'Purity', 'valentine', 'BEEN', 'understanding', 'grand', 'sura', 'gaps', 'Mind', 'high', 'honey', 'blackberry', 'confidence', 'Meanwhile', 'Youve', 'putting', 'outta', 'carefully', 'Princess', 'ppl', 'TELL', 'surprised', 'COME', 'strong', 'Must', 'cannot', 'arrange', 'tihs', 'joke', 'uncles', 'april', 'spoken', 'answering', 'boys', 'fever', 'research', 'clock', 'Rs', 'season', 'fone', 'essential', 'wins', 'Cheers', 'BIT', 'songs', 'assume', 'joy', 'al', 'ad', 'john', 'SURPRISE', 'kept', 'freak', 'selling', 'raise', 'DID', 'airport', 'tt', 'note', 'Nature', 'tear', 'FROM', 'YOUCLEAN', 'Kusruthi', 'GIVE', 'february', 'hill', 'respond', 'envelope', 'Goodnight', 'itplspls', 'straight', 'tyler', 'Height', 'Both', 'interview', 'somethin', 'birds', 'lecture', 'bcums', 'yuo', 'tm', 'bitch', 'Rose', 'customer', 'Spl', 'hai', 'AS', 'password', 'WELL', 'exams', 'Gravity', 'appointment', 'yogasana', 'dem', 'Ah', 'tree', 'MISS', 'match', 'wouldnt', 'Some', 'Ten', 'basic', 'happend', 'Reason', 'tuition', 'hasnt', 'centre', 'rush', 'connection', 'FOR', 'Wed', 'fool', 'texted', 'credit', 'argue', 'feet', 'taunton', 'addicted', 'Ki', 'throw', 'bowl', 'drivin', 'salary', 'acc', 'bought', 'texting', 'easier', 'listening', 'relation', 'Muz', 'Free', 'spoke', 'iÂ', 'white', 'manda', 'messageIts', 'LIKE', 'Accept', 'hands', 'Sent', 'DONE', 'accidentally', 'HouseMaid', 'Ttyl', 'teaches', 'losing', 'xmas', 'donâ', 'expecting', 'Looks', 'pix', 'Lovable', 'Simple', 'bay', 'shirt', 'smokes', 'loss', 'HOME', 'Been', 'Glad', 'station', 'link', 'church', '11', 'mother', 'Personality', 'Near', 'kettoda', 'sha', 'cream', 'Wheres', 'totally', 'escape', 'tick', 'colour', '20', 'saved', 'embarassed', 'notice', 'personal', 'expect', 'skype', 'hip', 'throat', 'added', 'Went', 'reference', 'hrs', 'yrs', 'bin', 'Brother', '2NITE', 'decision', 'Put', 'three', 'cute', 'starts', 'infernal', 'usually', 'activities', 'black', 'DOIN', 'letter', 'obviously', 'remain', 'lab', 'cbe', 'settled', 'bet', 'inches', '12', 'pig', 'ideas', 'cleaning', 'Easy', 'Fine', 'Transaction', 'REALLY', 'random', 'welcome', 'befor', 'handle', 'enemy', 'Valentine', 'Nite', 'collect', 'information', 'preferably', 'dry', 'murdered', 'haha', 'wearing', 'Indian', 'pple', 'Too', 'shoot', 'Talk', 'armand', 'lie', 'affection', 'lives', 'diet', 'Back', 'Hurry', 'legal', 'sooner', 'sale', 'selected', 'sore', 'derek', 'URN', 'coins', 'bathing', 'Aiya', 'website', 'pleasure', 'considering', 'fyi', 'update', 'Neva', 'buzz', 'married', 'nyc', 'students', 'numbers', 'Wine', 'Since', 'green', 'MAN', 'points', 'boring', 'letters', 'Aiyar', 'NAKED', 'waitin', 'quit', 'closedincluding', 'photo', 'passed', 'matured', 'Excellent', 'cooking', 'cancer', 'Gd', '6th', 'daddy', 'hug', 'SORRY', 'draw', 'Depends', 'Truth', 'fren', 'Daddy', 'masters', 'Kkhow', 'otherwise', 'ride', 'egg', 'Found', 'earth', 'IQ', 'lookin', 'passionate', 'bud', 'public', 'picked', 'broke', 'Aft', 'deleted', 'weird', 'rose', 'attend', 'Those', 'oni', 'fill', 'temple', 'Jada', 'Er', 'step', 'wheres', 'Silent', 'reasons', 'due', 'remind', 'aight', 'file', 'registered', 'mad']"
4.4038636563811985e-05,"['2Police', 'dare', '1His', 'auto', 'Argument', 'aathilove', 'Cute', 'sing', 'turn', 'Nurungu', 'prolly', 'walls', 'depends', '3Cover', 'promises', 'eaten', 'unsold', 'ages', 'Sat', 'Theory', 'cn', 'perfect', 'stamps', 'officeunderstand', 'source', 'FRAN', 'quickly', 'Each', 'Nvm', 'audition', 'seconds', 'wanting', 'Oru', 'Friday', 'Maintain', 'arms', 'successfully', 'moved', 'Amazing', 'successful', 'dubsack', 'Might', 'BMW', 'brain', 'MoralOne', 'Jokes', 'Prabhaim', 'ma', 'cleared', 'frying', 'messageno', 'born', 'WANNA', 'qatar', 'supervisor', 'Met', 'looks', 'h', 'eight', 'mite', 'bro', 'afraid', 'suggest', 'walmart', '9t', 'yay', 'feb', 'Hear', 'Murdered', 'Buzz', 'Thursday', 'ONE', 'thanksgiving', 'Boo', 'pack', 'suntec', 'meal', 'cuddle', 'natuition', 'wt', 'ws', 'milk', 'ne', 'standing', 'WENT', 'questioned', 'meetin', 'headache', 'seven', 'jesus', 'Case', 'management', 'payoh', 'five', 'Sister', 'Anyways', 'Monday', 'oz', 'Ask', 'Oic', 'key', 'telphone', 'Convey', 'unable', 'released', 'behave', 'snake', 'journey', 'Shit', 'comedy', 'chain', 'Mr', 'returned', 'CARE', 'software', 'Wifehow', 'business', 'invnted', 'wet', 'valuable', 'Okok', 'Sun', 'Fighting', 'BAK', 'elsewhere', 'Chinese', 'current', 'tests', 'Ptbo', 'future', 'blame', 'WERE', '4get', 'FRNDSHIP', 'floor', 'sleepingand', 'period', 'rich', 'Honey', '2u', 'Jstfrnd', 'art', 'opportunity', 'prospects', 'favor', 'boost', 'Mmmm', 'brothas', 'Haiz', 'adore', 'Leave', 'invite', 'jst', 'transfered', 'alcohol', 'proof', 'Finish', '2MRW', 'Honeybee', 'Shopping', 'WEEK', 'Idk', 'pieces', 'bros', 'About', 'addie', 'row', 'dai', 'faster', 'mums', 'possession', 'orange', 'roommate', 'foreign', 'remains', 'doors', 'Bring', 'iâ', 'banks', 'Dear1', 'SOMETHING', 'knowing', 'Cutefrnd', 'Erm', 'greet', 'SOMEONE', 'ths', 'Live', 'fantastic', 'Busy', 'prove', 'thm', 'lonely', 'anythin', 'process', 'ABOUT', 'TOWN', 'incident', 'Solve', 'Brilliant', 'Loving', '5min', '6HouseMaid', 'Dey', 'Havnt', 'WEN', 'DAYU', 'se', 'sn', 'Nimyapls', 'railway', 'team', 'chicken', 'Italian', 'guide', 'anywhere', 'children', 'shld', 'SOON', 'dearly', 'Birthday', 'death', 'MANEESHA', 'dress', 'Tear', 'thangam', 'measure', 'regarding', 'Doesnt', 'LAST', '8Neighbour', 'king', 'Tessypls', 'Ummmmmaah', 'exe', 'walked', 'screen', 'sheets', 'shirts', 'terms', 'Nimya', 'tb', 'boat', 'travel', 'Rajipls', 'village', '1030', 'mummy', 'ltURLgt', 'Uncle', 'Nigeria', 'india', 'scared', 'drinks', 'chechi', 'Margaret', 'pouts', 'stomach', 'sometime', 'loses', 'AfterNoon', 'Youll', 'record', 'STUPID', 'garage', 'lousy', 'buff', 'Unless', 'lt', 'changes', 'popped', 'An', 'pie', 'understood', 'contents', 'keys', 'WaitU', 'likes', 'di', 'calicut', 'onwards', 'weekends', 'needed', 'allah', 'Yay', 'drinking', 'Kind', 'stomps', 'mt', 'Smiling', 'urgentbut', 'Pain', 'CHEERS', 'SirI', 'Si', 'maga', 'apologise', 'Anytime', 'radio', 'Including', 'anti', 'Bstfrnd', 'bigger', 'responcewhat', 'Die', 'california', '2MORO', 'shortage', 'pop', 'PLEASE', 'citizen', 'GUD', 'shame', 'takin', 'iouri', 'smoking', 'blakes', 'AGAIN', 'Something', 'bringing', 'collecting', 'pleased', 'Atlanta', 'Okey', 'dearer', 'google', 'morn', 'Another', 'talent', 'Sweetest', 'vegetables', 'Prepare', 'Ranjith', 'market', 'satisfied', 'MEET', 'blessings', 'flaked', 'kerala', '6pm', 'iz', 'lacsthats', 'seat', '5Gently', 'hanging', '7Children', 'DONÂ', 'sorydarealyfrm', 'EVE', 'ave', 'exact', 'option', 'tells', 'technical', 'Dai', 'dificult', 'currently', 'bat', 'becoz', 'WHEN', 'kadeem', 'Here', 'prefer', 'husband', 'seemed', 'MATE', 'holidayso', 'HIM', 'roast', 'philosophy', 'Whenevr', 'cheaper', 'Kkim', 'pg', 'bloody', 'Lvblefrnd', 'fancy', '3d', 'Ã', 'Tel', 'sentence', 'Storming', 'issues', 'MORAL', 'shouted', 'tirupur', 'MINUTES', 'swimming', 'hopefully', 'music', 'SEE', 'Minnaminunginte', 'Doing', 'display', 'thinks', 'tour', 'gram', 'lick', 'gona', 'fees', 'l8r', 'Stupidits', 'Much', '4U', 'wise', 'stuck', 'IÂ', 'Yun', 'callsmessagesmissed', 'ACCEPT', 'Immediately', 'favourite', 'Dictionary', 'Aah', '4Cook', 'leona', 'fightng', 'freezing', 'along', 'speechless', 'double', 'Yeshe', 'impossible', 'unlimited', 'Da', 'Already', 'Roger', 'dignity', 'Wanna', 'Text', 'fills', 'flower', 'Ever', 'wisdom', 'fish', 'Two', 'parked', 'usualiam', 'tog', 'Lifpartnr', 'pongal', 'juicy', 'nap', 'SITUATION', 'fifteen', 'surprise', 'bein', '4Press', 'flirt', 'Indians', 'Hahahause', 'GIRL', 'macho', 'PS', 'Izzit', 'Meeting', 'soft', 'Swtheart', 'boye', 'fave', 'fathima', 'moon', 'Whens', 'arng', 'phne', 'atm', 'country', 'outstanding', 'appt', 'finishes', 'shut', 'Pleasure', 'kano', 'cud', 'excellent', 'falls', 'apparently', 'realy', 'f', 'Baby', 'common', 'Wn', 'pin', 'finishing', 'Vettam', 'booty', 'issue', 'Finally', 'sum1', 'Todaysundaysunday', 'butt', 'Clos1', 'beyond', 'sometimes', 'okthenwhats', 'cat', 'terrible', 'affairs', 'shorter', 'china', 'Belovd', 'respect', 'shipping', 'msging', '5Gardener', 'temp', 'DOWN', 'wylie', 'esplanade', 'footprints', 'Xy', 'Start', 'gentleman', 'innings', 'LOOK', '3Wife', 'machan', 'flash', 'enuff', 'sory', 'bottle', 'bye', 'medicine', 'loud', 'buzy', 'often', 'runs', 'Horrible', 'yr', 'dats', 'Bad', 'latest', 'tablets', 'bishan', 'alex', 'JEN', 'realized', 'handed', 'bags', 'okie', 'ONLY', 'Grahmbell', 'stress', 'stops', 'slippers', 'Moji', 'lido', 'Lacsthere', 'dresser', 'THATÂ', 'certainly', 'Nt', 'GMGNGEGN', 'PERSON', 'legs', 'aathiwhere', 'messenger', 'exhausted', 'charges', 'sugar', 'spell', 'bell', 'dislikes', 'tis', 'aftr', 'GOIN', 'GET', 'tape', 'Laughed', 'cares', 'rule', 'Crack', 'vava', 'major', 'Gary', 'Hurt', 'bloo', 'diff', 'behind', 'PARTY', 'Long', 'Aftr', 'sorting', 'Other', 'wow', 'magical', 'loves', 'fell', 'birth', 'bottom', 'gautham', 'blood', 'lt3', 'score', 'generally', 'constantly', 'Toll', 'str', 'touched', 'guilty', 'Behind', 'Off', 'Shijas', 'morphine', 'mas', 'tuesday', 'caring', 'spending', 'gorgeous', 'confirmed', 'blah', 'birla', 'settle', 'YM', 'YO', 'Short', 'clear', 'informed', 'parking', 'moments', 'irritating', 'cannt', 'IL', 'enter', 'BABY', 'Hav', 'ache', '9ja', 'chill', 'Hai', 'middle', 'thurs', 'distance', 'credited', 'urgentlyits', 'Best1', 'docs', 'dsnt', 'avatar', '2morrow', 'quote']"
0.0017615454625524794,['back']
0.00221661137371187,['going']
0.0011009659140952996,"['Can', 'more', 'should', 'The', 'had', 'didnt']"
0.02130002055136373,['I']
0.0007046181850209918,"['always', 'other', 'K', 'find']"
0.0006165409118933677,"['please', 'youre', 'friends']"
0.0015560318252546901,['send']
0.0033175772878071695,['know']
0.0015413522797334195,['him']
0.00011743636417016529,"['TO', 'Omg', 'thinkin', 'planning', 'medical', 'catch', 'against', 'road', 'workin', 'bb', 'b4', 'D', 'S', 'lessons', 'todays', 'darren', 'others', 'ends', 'ALL', 'poor', 'laugh', 'Bt', 'yours', 'Pete', 'With', 'slave', 'darlin', 'add', 'Missing', 'hospital', 'frnd', 'Dad', 'CAN', 'Goodmorning', 'wishes', 'via', 'study', 'gt', 'possible', 'Friendship', 'booked', 'plus', 'mode', 'Night', 'mum', 'Youre', 'Probably', 'brings', 'Yep', 'moms', 'Plz', 'library', 'GO', 'studying', 'understand', 'anymore', 'woke', 'rent', 'training', 'o', 'IT', 'movies', 'Iâ', 'aint', 'knows', 'read', 'cum', 'mood', 'style', 'Merry', 'John', 'inside', 'tampa', 'staying', 'X', 'Of', 'moment', 'apartment', 'aha', 'visit', 'date', 'tel', 'em', 'pizza', 'miracle', 'NO', 'wondering', 'First', 'seriously', 'JUST', 'forever', 'HELLO', 'Like', 'Joys', 'spent', 'Make', 'heard', 'ones', 'film']"
0.0040515545638707025,['ltgt']
0.0016000704618185022,['Sorry']
0.005490150024955227,['your']
0.0008954522767975104,"['number', 'anything']"
0.00046974545668066115,"['every', 'All', 'another', 'early', 'year', 'name', 'plan', 'friend', 'Please', 'guys', 'ya']"
0.002554240920701095,['4']
0.000689938639499721,"['Ur', 'new', 'msg', 'first', 'b', 'happy']"
0.010627990957399958,['u']
0.0006605795484571797,"['Gud', 'She', 'lunch', 'people', 'next']"
0.0014092363700419835,"['night', 'd']"
0.0034056545609347936,['go']
0.002950588649775403,['all']
0.0002642318193828719,"['leaving', 'finished', 'missing', 'Today', 'angry', 'took', 'must', 'feeling', 'set', 'missed', 'Thank', 'sir', 'stay', 'thinking', 'smoke', 'Y', 'Dunno', 'comes', 'IN']"
0.0001908340917765186,"['earlier', 'ring', 'Yar', 'bt', 'side', 'card', 'chat', 'ni8', 'Only', 'happiness', 'important', 'Enjoy', 'wrong', 'shop', 'knew', 'seeing', 'kind', 'pub', 'g', 'college', 'fri', 'bout', 'close', 'dunno', 'chennai', 'company', 'BSLVYL', 're', 'their', 'Babe', 'mrng', 'fucking', 'mobile', 'used', 'WITH', 'Anything', 'w', 'least', 'ass', 'felt', 'lots', 'sun']"
0.00024955227386160126,"['Whats', 'For', 'movie', 'believe', 'taking', 'rite', 'May', 'At', 'plz', 'head', 'nothing', 'smiling', 'sis', 'Any', 'C', 'trip', 'wil', 'tomo', 'details', 'knw', 'goin', 'anyway', 'walk', 'change', 'lesson', 'email']"
0.0012624409148292769,['already']
0.0008220545491911571,"['Yeah', 'Then', 'Dont']"
0.001438595461084525,['way']
0.0013651977334781715,['tell']
0.000866093185754969,['dear']
0.022723936466926983,['to']
0.015134611432430053,['the']
0.009732538680602448,['is']
0.000954170458882593,"['were', 'Pls', 'pick', 'morning', 'It']"
0.002245970464754411,['about']
7.33977276063533e-05,"['hook', 'Loves', 'Lover', 'vikky', 'Kids', 'except', 'surfing', 'silent', 'Nice', 'umma', 'age', 'kids', 'loverboy', 'Jay', 'receive', 'bf', 'HOPE', 'body', 'waking', 'returns', 'sighs', 'recently', 'cuz', 'rem', 'HEART', 'intro', 'Hes', 'kick', 'arrested', 'amount', 'Boss', 'exactly', 'advice', 'cars', 'yan', 'Better', 'xx', 'J', 'forwarded', 'willing', 'wed', 'Wishing', 'minuts', 'vomit', 'moan', 've', 'drug', 'WHO', 'raining', 'joking', 'stupid', 'theyre', 'twice', 'rply', 'asks', 'Valentines', 'urgnt', 'FONE', 'Press', 'cry', 'pissed', 'lead', 'bill', 'Right', 'dollars', 'HOW', 'nigeria', 'asleep', 'under', 'HAD', 'Give', 'cold', 'basically', 'Otherwise', 'hello', 'wear', 'weak', 'loan', 'whether', 'caken', 'hate', 'photos', 'cafe', 'sec', 'pic', 'some1', 'childish', 'christmas', 'Sometimes', 'quality', 'pictures', 'flat', 'teach', 'learn', 'funny', 'space', 'serious', 'shows', 'Had', 'log', 'Sad', 'sim', 'cover', 'Mum', 'Customer', 'il', 'shell', 'gentle', 'boston', 'Whos', 'nobody', '3rd', 'Gee', 'bak', 'sed', 'ge', 'bag', 'Callertune', 'imagine', 'belly', 'cinema', 'entered', 'jazz', 'WORLD', 'pass', 'hv', 'hr', 'stopped', 'wiv', 'report', 'Callers', 'hey', 'buns', 'become', 'tried', 'fall', 'ull', 'Iam', 'pilates', 'plane', 'ru', 'rd', '50', 'hotel', 'smiles', 'law', 'looked', 'interesting', 'PA', 'created', 'site', 'discuss', 'Stop', 'Change', 'NIGHT', 'Because', 'shuhui', 'Lovely', 'couldnt', 'WE', 'didt', 'Wake', 'searching', 'OR', 'KNOW', 'jiu', 'roommates', 'hostel', 'cal', 'don', 'lik', 'died', 'anybody', 'shouldnt', 'cartoon', 'Damn', 'ish', 'matter', 'rays', 'Wot', 'turns', 'social', 'bcoz', 'Geeee', 'starting', 'running', 'Many', 'dint', 'Heart', 'Read', 'tea', 'sunday', 'air', 'extra', 'mei', 'men', 'mid', 'box', 'ran', 'cabin', 'Tuesday', 'BACK', 'timing', 'callertune', 'places', 'stock', 'Remember', 'glad', 'fix', 'Best', 'DAY', 'True', 'hella', 'area', 'Would', 'dropped', 'playing', 'single', 'whos', 'sup', 'replied', 'surely', 'regards', 'Person', 'LOL', 'amt', 'latr', 'secret', 'T', 'yest', 'meds']"
0.0012184022782654649,"['say', 'We', 'right']"
0.0025248818296585538,['time']
0.0010275681864889462,['ill']
0.0012918000058718183,['any']
0.0002935909104254132,"['account', 'Was', 'hows', 'UP', 'driving', 'dad', 'story', 'world', 'happen', 'Cos', 'id', 'shopping', 'm', 'Thanx', 'saying', 'mean', 'full', 'hurt', 'till', 'lose', 'noe', 'wants']"
0.0009248113678400517,"['text', 'sure', 'week', 'did']"
0.0004991045477232025,"['problem', 'big', 'ME', 'ready', 'lot', 'hi', 'special', 'use', '5', 'Or', 'reply']"
0.003038665922903027,['come']
0.0024368045565309297,['Ill']
0.000910131822318781,"['life', 'something']"
0.00027891136490414256,"['juz', 'play', 'part', 'theres', 'looking', 'yourself', 'Take', 'does', 'shall', 'yesterday', 'drive', 'See', 'bored', 'Great']"
0.0006018613663720971,"['Ive', 'try', 'nice', 'someone', 'even', 'stuff']"
0.0004550659111593905,"['might', 'never', 'best', 'watch', 'because', 'stop', 'called', 'man']"
0.0012771204603505475,['an']
0.0008073750036698864,"['tonight', 'last', 'cos', 'keep']"
0.014385954610845249,['a']
0.0030533454684242975,['dont']
0.001908340917765186,['no']
0.002172572737148058,['one']
0.00030827045594668387,"['asked', 'wake', 'haf', 'jus', 'away', 'saw', 'actually', 'together', 'since', 'making', 'family', 'between', 'IS', 'tot', 'town', 'words', 'worry', 'until', 'V', 'fun', 'test', 'show', 'Call', 'Ya', 'Yo']"
0.0018789818267226446,['im']
0.001864302281201374,['later']
0.0019377000088077272,['n']
0.023898300108628638,['you']
0.004535979566072634,['2']
0.0008807727312762397,"['buy', 'Yes']"
0.0011596840961803823,"['make', 'them', 'they', 'said']"
0.011171134141686974,['in']
0.0007486568215848038,"['thats', 'many', 'his', 'soon', 'wont', 'Is', 'hope']"
0.0017468659170312088,['If']
0.0014679545521270661,"['today', 'too', 'Do']"
